{
  "type": "FeatureCollection",
  "features": [
    {
      "type": "Feature",
      "geometry": {
        "type": "Point",
        "coordinates": [
          -118.2478,
          34.0505
        ]
      },
      "properties": {
        "Name": "Bradbury Building",
        "Slug": "bradbury-building-e93ee",
        "City": "DTLA",
        "Category": "Landmarks",
        "Tags": "architecture; filming-location; historic; must-see; walkable",
        "Description": "A charismatic 1893 stunner showing off intricate Victorian ironwork, sunlit skylights, and vintage open-cage elevators."
      }
    },
    {
      "type": "Feature",
      "geometry": {
        "type": "Point",
        "coordinates": [
          -118.2489,
          34.0507
        ]
      },
      "properties": {
        "Name": "Grand Central Market",
        "Slug": "grand-central-market-3f7fa",
        "City": "DTLA",
        "Category": "Dining",
        "Tags": "iconic-eats; street-food; historic; must-see; walkable",
        "Description": "The bustling, open-hearted belly of DTLA that has been cooking up global aromas and feeding hungry souls since 1917."
      }
    },
    {
      "type": "Feature",
      "geometry": {
        "type": "Point",
        "coordinates": [
          -118.2498,
          34.0478
        ]
      },
      "properties": {
        "Name": "The Last Bookstore",
        "Slug": "the-last-bookstore-5eed5",
        "City": "DTLA",
        "Category": "Shopping",
        "Tags": "architecture; photo-spot; historic; walkable; local-favorite",
        "Description": "A quirky, eccentric bibliophile living inside a grand old bank vault, surrounded by soaring arches and tunnels of paperbacks."
      }
    },
    {
      "type": "Feature",
      "geometry": {
        "type": "Point",
        "coordinates": [
          -118.25,
          34.0553
        ]
      },
      "properties": {
        "Name": "Walt Disney Concert Hall",
        "Slug": "walt-disney-concert-hall-844da",
        "City": "DTLA",
        "Category": "Arts",
        "Tags": "architecture; must-see; photo-spot; walkable",
        "Description": "Frank Gehry's futuristic metallic dancer shining brightly on Grand Avenue, clad in sweeping stainless-steel sails."
      }
    },
    {
      "type": "Feature",
      "geometry": {
        "type": "Point",
        "coordinates": [
          -118.2505,
          34.0545
        ]
      },
      "properties": {
        "Name": "The Broad",
        "Slug": "the-broad-a0dea",
        "City": "DTLA",
        "Category": "Arts",
        "Tags": "free-budget; must-see; photo-spot; walkable",
        "Description": "A sharp, stylish modern art icon wearing a honeycomb veil, hosting mind-bending contemporary masterpieces inside."
      }
    },
    {
      "type": "Feature",
      "geometry": {
        "type": "Point",
        "coordinates": [
          -118.2365,
          34.0562
        ]
      },
      "properties": {
        "Name": "Union Station LA",
        "Slug": "union-station-la-79528",
        "City": "DTLA",
        "Category": "Landmarks",
        "Tags": "architecture; historic; public-transit; filming-location; walkable",
        "Description": "LA's grand old transit patriarch, blending Mission Revival elegance with relaxing garden courtyards and soaring tiled ceilings."
      }
    },
    {
      "type": "Feature",
      "geometry": {
        "type": "Point",
        "coordinates": [
          -118.238,
          34.0572
        ]
      },
      "properties": {
        "Name": "Olvera Street & El Pueblo",
        "Slug": "olvera-street-and-el-pueblo-a0700",
        "City": "DTLA",
        "Category": "Landmarks",
        "Tags": "historic; walkable; free-budget; tacos",
        "Description": "The vibrant birth cradle of Los Angeles, humming with mariachi melodies, handmade artisan crafts, and sizzling taquerias."
      }
    },
    {
      "type": "Feature",
      "geometry": {
        "type": "Point",
        "coordinates": [
          -118.2502,
          34.0514
        ]
      },
      "properties": {
        "Name": "Angels Flight Railway",
        "Slug": "angels-flight-railway-6b3cb",
        "City": "DTLA",
        "Category": "Landmarks",
        "Tags": "historic; filming-location; must-see; walkable",
        "Description": "A plucky, 120-year-old orange wooden funicular faithfully crawling up Bunker Hill to save pedestrians a steep climb."
      }
    },
    {
      "type": "Feature",
      "geometry": {
        "type": "Point",
        "coordinates": [
          -118.2427,
          34.0537
        ]
      },
      "properties": {
        "Name": "LA City Hall Observation Deck",
        "Slug": "la-city-hall-observation-deck-c13cc",
        "City": "DTLA",
        "Category": "Landmarks",
        "Tags": "free-budget; skyline-views; historic; walkable",
        "Description": "A dignified Art Deco elder standing tall on Spring Street, offering panoramic 27th-floor skyline views for free."
      }
    },
    {
      "type": "Feature",
      "geometry": {
        "type": "Point",
        "coordinates": [
          -118.237,
          34.065
        ]
      },
      "properties": {
        "Name": "Chinatown Central Plaza",
        "Slug": "chinatown-central-plaza-ba519",
        "City": "Chinatown",
        "Category": "Landmarks",
        "Tags": "historic; photo-spot; walkable; iconic-eats",
        "Description": "A colorful, neon-lit neighborhood matriarch framed by golden dragons, pagodas, and historic courtyard eateries."
      }
    },
    {
      "type": "Feature",
      "geometry": {
        "type": "Point",
        "coordinates": [
          -118.2396,
          34.0498
        ]
      },
      "properties": {
        "Name": "Little Tokyo Village Plaza",
        "Slug": "little-tokyo-village-plaza-b5ec7",
        "City": "Little Tokyo",
        "Category": "Shopping",
        "Tags": "iconic-eats; walkable; photo-spot; local-favorite",
        "Description": "A charming, historic neighborhood anchor serving up hot ramen, sweet mochi, and lively lantern-lit pedestrian paths."
      }
    },
    {
      "type": "Feature",
      "geometry": {
        "type": "Point",
        "coordinates": [
          -118.2386,
          34.0492
        ]
      },
      "properties": {
        "Name": "Japanese American National Museum",
        "Slug": "japanese-american-national-museum-d534e",
        "City": "Little Tokyo",
        "Category": "Arts",
        "Tags": "historic; family-friendly; walkable",
        "Description": "A thoughtful historian preserving deep cultural stories, resilience, and heritage in the heart of Little Tokyo."
      }
    },
    {
      "type": "Feature",
      "geometry": {
        "type": "Point",
        "coordinates": [
          -118.2328,
          34.0435
        ]
      },
      "properties": {
        "Name": "Arts District Street Art Wall",
        "Slug": "arts-district-street-art-wall-8542d",
        "City": "Arts District",
        "Category": "Arts",
        "Tags": "street-art; photo-spot; walkable; coffee",
        "Description": "A trendy, ever-changing creative spirit showing off gritty murals, industrial loft cafes, and craft breweries."
      }
    },
    {
      "type": "Feature",
      "geometry": {
        "type": "Point",
        "coordinates": [
          -118.2351,
          34.0458
        ]
      },
      "properties": {
        "Name": "Hauser & Wirth LA",
        "Slug": "hauser-and-wirth-la-44b1e",
        "City": "Arts District",
        "Category": "Arts",
        "Tags": "free-budget; architecture; rooftop-patio; walkable",
        "Description": "A sophisticated flour mill turned art gallery that loves hosting garden walks, outdoor dining, and avant-garde exhibits."
      }
    },
    {
      "type": "Feature",
      "geometry": {
        "type": "Point",
        "coordinates": [
          -118.2371,
          34.0596
        ]
      },
      "properties": {
        "Name": "Philippe The Original",
        "Slug": "philippe-the-original-3ad60",
        "City": "DTLA",
        "Category": "Dining",
        "Tags": "iconic-eats; historic; local-favorite",
        "Description": "A crusty, nostalgic dining legend proudly claiming the birth of the French Dip sandwich on sawdust-covered floors."
      }
    },
    {
      "type": "Feature",
      "geometry": {
        "type": "Point",
        "coordinates": [
          -118.2508,
          34.0448
        ]
      },
      "properties": {
        "Name": "Cole's French Dip",
        "Slug": "cole-s-french-dip-230cb",
        "City": "DTLA",
        "Category": "Dining",
        "Tags": "historic; iconic-eats; late-night; walkable",
        "Description": "A moody, mahogany-clad speakeasy veteran serving up rich dipped sandwiches and craft cocktails since 1908."
      }
    },
    {
      "type": "Feature",
      "geometry": {
        "type": "Point",
        "coordinates": [
          -118.2543,
          34.0511
        ]
      },
      "properties": {
        "Name": "71Above",
        "Slug": "71above-55e1c",
        "City": "DTLA",
        "Category": "Dining",
        "Tags": "skyline-views; romantic; rooftop-patio",
        "Description": "An elegant high-flyer perched nearly 1,000 feet up in the clouds, offering breathtaking 360-degree views of the basin."
      }
    },
    {
      "type": "Feature",
      "geometry": {
        "type": "Point",
        "coordinates": [
          -118.2647,
          34.0447
        ]
      },
      "properties": {
        "Name": "Grammy Museum at L.A. LIVE",
        "Slug": "grammy-museum-at-l-a-live-04cd9",
        "City": "DTLA",
        "Category": "Entertainment",
        "Tags": "family-friendly; must-see",
        "Description": "A rhythm-filled storyteller celebrating musical legends, iconic stage costumes, and interactive recording booths."
      }
    },
    {
      "type": "Feature",
      "geometry": {
        "type": "Point",
        "coordinates": [
          -118.2673,
          34.043
        ]
      },
      "properties": {
        "Name": "Crypto.com Arena",
        "Slug": "crypto-com-arena-db4e3",
        "City": "DTLA",
        "Category": "Entertainment",
        "Tags": "sports-event-hub; must-see",
        "Description": "LA's high-octane sports powerhouse hosting championship basketball games, arena concerts, and star-studded events."
      }
    },
    {
      "type": "Feature",
      "geometry": {
        "type": "Point",
        "coordinates": [
          -118.2526,
          34.0461
        ]
      },
      "properties": {
        "Name": "Los Angeles Theatre",
        "Slug": "los-angeles-theatre-2461e",
        "City": "DTLA",
        "Category": "Arts",
        "Tags": "architecture; historic; filming-location",
        "Description": "An opulent Baroque movie palace adorned with French crystal chandeliers and golden mirrors straight out of Versailles."
      }
    },
    {
      "type": "Feature",
      "geometry": {
        "type": "Point",
        "coordinates": [
          -118.3004,
          34.1184
        ]
      },
      "properties": {
        "Name": "Griffith Observatory",
        "Slug": "griffith-observatory-8ca7d",
        "City": "Hollywood",
        "Category": "Landmarks",
        "Tags": "must-see; skyline-views; free-budget; filming-location; romantic",
        "Description": "LA's starry-eyed stargazer sitting atop Mount Hollywood, gazing down at the city lights and up into the cosmos."
      }
    },
    {
      "type": "Feature",
      "geometry": {
        "type": "Point",
        "coordinates": [
          -118.3268,
          34.1016
        ]
      },
      "properties": {
        "Name": "Hollywood Walk of Fame",
        "Slug": "hollywood-walk-of-fame-932c6",
        "City": "Hollywood",
        "Category": "Landmarks",
        "Tags": "must-see; celebrity-spot; walkable",
        "Description": "A star-studded sidewalk entertainer wearing brass stars along Hollywood Boulevard to tell stories of showbiz royalty."
      }
    },
    {
      "type": "Feature",
      "geometry": {
        "type": "Point",
        "coordinates": [
          -118.3409,
          34.102
        ]
      },
      "properties": {
        "Name": "TCL Chinese Theatre",
        "Slug": "tcl-chinese-theatre-b566e",
        "City": "Hollywood",
        "Category": "Landmarks",
        "Tags": "historic; must-see; filming-location; celebrity-spot",
        "Description": "A flamboyant cinematic showman displaying famous handprints and footprints pressed into historic concrete forecourts."
      }
    },
    {
      "type": "Feature",
      "geometry": {
        "type": "Point",
        "coordinates": [
          -118.3262,
          34.1266
        ]
      },
      "properties": {
        "Name": "Hollywood Sign Viewpoint (Lake Hollywood Park)",
        "Slug": "hollywood-sign-viewpoint-lake-hollywood-park-6a0ef",
        "City": "Hollywood",
        "Category": "Landmarks",
        "Tags": "photo-spot; free-budget; must-see",
        "Description": "A picture-perfect grassy hilltop host framing sweeping views of LA's iconic hillside letters."
      }
    },
    {
      "type": "Feature",
      "geometry": {
        "type": "Point",
        "coordinates": [
          -118.3391,
          34.1122
        ]
      },
      "properties": {
        "Name": "Hollywood Bowl",
        "Slug": "hollywood-bowl-5f2f5",
        "City": "Hollywood",
        "Category": "Entertainment",
        "Tags": "historic; must-see; local-favorite",
        "Description": "A beloved amphitheater hosting unforgettable summer nights under the stars surrounded by sound shells and picnic baskets."
      }
    },
    {
      "type": "Feature",
      "geometry": {
        "type": "Point",
        "coordinates": [
          -118.3194,
          34.0837
        ]
      },
      "properties": {
        "Name": "Paramount Pictures Studio Tour",
        "Slug": "paramount-pictures-studio-tour-72d5f",
        "City": "Hollywood",
        "Category": "Entertainment",
        "Tags": "filming-location; celebrity-spot; must-see",
        "Description": "The last remaining major studio anchored inside Hollywood proper, opening its historic gates to cinema lovers."
      }
    },
    {
      "type": "Feature",
      "geometry": {
        "type": "Point",
        "coordinates": [
          -118.3378,
          34.1483
        ]
      },
      "properties": {
        "Name": "Warner Bros. Studio Tour Hollywood",
        "Slug": "warner-bros-studio-tour-hollywood-46817",
        "City": "Burbank",
        "Category": "Entertainment",
        "Tags": "filming-location; celebrity-spot; must-see; family-friendly",
        "Description": "A movie magic titan giving fans front-row access to real soundstages, Friends sets, and superhero props."
      }
    },
    {
      "type": "Feature",
      "geometry": {
        "type": "Point",
        "coordinates": [
          -118.3685,
          34.0982
        ]
      },
      "properties": {
        "Name": "Chateau Marmont",
        "Slug": "chateau-marmont-bc711",
        "City": "West Hollywood",
        "Category": "Dining",
        "Tags": "celebrity-spot; historic; romantic",
        "Description": "A secretive Norman castle perched on the Sunset Strip, guarding glamorous secrets of Hollywood legends since 1929."
      }
    },
    {
      "type": "Feature",
      "geometry": {
        "type": "Point",
        "coordinates": [
          -118.3857,
          34.0907
        ]
      },
      "properties": {
        "Name": "Sunset Strip & The Roxy",
        "Slug": "sunset-strip-and-the-roxy-4822b",
        "City": "West Hollywood",
        "Category": "Nightlife",
        "Tags": "historic; late-night",
        "Description": "A rock-'n'-roll nightowl draped in neon billboards, legendary music venues, and rooftop lounges."
      }
    },
    {
      "type": "Feature",
      "geometry": {
        "type": "Point",
        "coordinates": [
          -118.3742,
          34.0962
        ]
      },
      "properties": {
        "Name": "The Comedy Store",
        "Slug": "the-comedy-store-6e9dd",
        "City": "West Hollywood",
        "Category": "Entertainment",
        "Tags": "nightlife; celebrity-spot; late-night",
        "Description": "A legendary, dimly lit laugh sanctuary where comedy icons test out raw stand-up material late into the night."
      }
    },
    {
      "type": "Feature",
      "geometry": {
        "type": "Point",
        "coordinates": [
          -118.3892,
          34.0815
        ]
      },
      "properties": {
        "Name": "The Troubadour",
        "Slug": "the-troubadour-e537d",
        "City": "West Hollywood",
        "Category": "Entertainment",
        "Tags": "historic; nightlife",
        "Description": "An intimate music club that launched folk, rock, and pop icons into stardom."
      }
    },
    {
      "type": "Feature",
      "geometry": {
        "type": "Point",
        "coordinates": [
          -118.3614,
          34.0837
        ]
      },
      "properties": {
        "Name": "Melrose Avenue Shopping District",
        "Slug": "melrose-avenue-shopping-district-2b2bb",
        "City": "Hollywood",
        "Category": "Shopping",
        "Tags": "vintage-thrifting; street-art; walkable; photo-spot",
        "Description": "A fashion-forward trendsetter sporting bright street art walls, vintage clothing shops, and Third Wave coffee bars."
      }
    },
    {
      "type": "Feature",
      "geometry": {
        "type": "Point",
        "coordinates": [
          -118.3443,
          34.0838
        ]
      },
      "properties": {
        "Name": "Pink's Hot Dogs",
        "Slug": "pink-s-hot-dogs-7fd14",
        "City": "Hollywood",
        "Category": "Dining",
        "Tags": "iconic-eats; historic; celebrity-spot",
        "Description": "A fun-loving street food icon serving up legendary chili dogs and celebrity-named hot dogs since 1939."
      }
    },
    {
      "type": "Feature",
      "geometry": {
        "type": "Point",
        "coordinates": [
          -118.3512,
          34.1108
        ]
      },
      "properties": {
        "Name": "Runyon Canyon Park",
        "Slug": "runyon-canyon-park-9b704",
        "City": "Hollywood",
        "Category": "Parks",
        "Tags": "skyline-views; dog-friendly; celebrity-spot; free-budget",
        "Description": "LA's favorite fitness socialite, where hikers, dogs, and celebs catch sun and skyline views above the city."
      }
    },
    {
      "type": "Feature",
      "geometry": {
        "type": "Point",
        "coordinates": [
          -118.3192,
          34.0888
        ]
      },
      "properties": {
        "Name": "Hollywood Forever Cemetery",
        "Slug": "hollywood-forever-cemetery-fca74",
        "City": "Hollywood",
        "Category": "Landmarks",
        "Tags": "historic; photo-spot; celebrity-spot",
        "Description": "A peaceful, culturally vibrant resting place hosting outdoor movie screenings and Day of the Dead festivals among peacocks."
      }
    },
    {
      "type": "Feature",
      "geometry": {
        "type": "Point",
        "coordinates": [
          -118.2938,
          34.1
        ]
      },
      "properties": {
        "Name": "Barnsdall Art Park & Hollyhock House",
        "Slug": "barnsdall-art-park-and-hollyhock-house-ac128",
        "City": "Hollywood",
        "Category": "Parks",
        "Tags": "architecture; free-budget; skyline-views; historic",
        "Description": "Frank Lloyd Wright's hilltop masterpiece overlooking East Hollywood, offering breezy sunset picnic lawns."
      }
    },
    {
      "type": "Feature",
      "geometry": {
        "type": "Point",
        "coordinates": [
          -118.3252,
          34.1018
        ]
      },
      "properties": {
        "Name": "Pantages Theatre",
        "Slug": "pantages-theatre-898cd",
        "City": "Hollywood",
        "Category": "Arts",
        "Tags": "architecture; historic; entertainment",
        "Description": "A dazzling Art Deco theater host bringing Broadway hits to Hollywood Boulevard under a ceiling of silver and gold."
      }
    },
    {
      "type": "Feature",
      "geometry": {
        "type": "Point",
        "coordinates": [
          -118.3411,
          34.1054
        ]
      },
      "properties": {
        "Name": "Yamashiro Hollywood",
        "Slug": "yamashiro-hollywood-5e1e4",
        "City": "Hollywood",
        "Category": "Dining",
        "Tags": "skyline-views; romantic; historic",
        "Description": "A serene Japanese mountain palace perched above Hollywood, featuring koi ponds and panoramic night views."
      }
    },
    {
      "type": "Feature",
      "geometry": {
        "type": "Point",
        "coordinates": [
          -118.3262,
          34.098
        ]
      },
      "properties": {
        "Name": "Amoeba Music",
        "Slug": "amoeba-music-be573",
        "City": "Hollywood",
        "Category": "Shopping",
        "Tags": "historic; vintage-thrifting; walkable",
        "Description": "The ultimate music-obsessed giant, packed to the brim with vinyl records, CDs, movies, and pop culture treasures."
      }
    },
    {
      "type": "Feature",
      "geometry": {
        "type": "Point",
        "coordinates": [
          -118.3353,
          34.1017
        ]
      },
      "properties": {
        "Name": "Musso & Frank Grill",
        "Slug": "musso-and-frank-grill-9777b",
        "City": "Hollywood",
        "Category": "Dining",
        "Tags": "historic; iconic-eats; celebrity-spot",
        "Description": "Hollywood's oldest restaurant companion, pouring perfect classic martinis in red leather booths since 1919."
      }
    },
    {
      "type": "Feature",
      "geometry": {
        "type": "Point",
        "coordinates": [
          -118.3592,
          34.0639
        ]
      },
      "properties": {
        "Name": "LACMA (Urban Light)",
        "Slug": "lacma-urban-light-28a47",
        "City": "Miracle Mile",
        "Category": "Arts",
        "Tags": "photo-spot; free-budget; must-see; romantic",
        "Description": "An artistic beacon glowing on Wilshire Boulevard, welcoming night owls to wander through its forest of 202 cast-iron street lamps."
      }
    },
    {
      "type": "Feature",
      "geometry": {
        "type": "Point",
        "coordinates": [
          -118.3559,
          34.0628
        ]
      },
      "properties": {
        "Name": "La Brea Tar Pits & Museum",
        "Slug": "la-brea-tar-pits-and-museum-debab",
        "City": "Miracle Mile",
        "Category": "Landmarks",
        "Tags": "family-friendly; historic; must-see",
        "Description": "Prehistoric time traveler right in the middle of town, bubbling with ice-age tar fossils and mammoth stories."
      }
    },
    {
      "type": "Feature",
      "geometry": {
        "type": "Point",
        "coordinates": [
          -118.361,
          34.0633
        ]
      },
      "properties": {
        "Name": "Academy Museum of Motion Pictures",
        "Slug": "academy-museum-of-motion-pictures-69c13",
        "City": "Miracle Mile",
        "Category": "Arts",
        "Tags": "architecture; filming-location; must-see; skyline-views",
        "Description": "Cinema's biggest fan wearing Renzo Piano's glass sphere dome, celebrating movie magic, props, and red-carpet history."
      }
    },
    {
      "type": "Feature",
      "geometry": {
        "type": "Point",
        "coordinates": [
          -118.3614,
          34.0622
        ]
      },
      "properties": {
        "Name": "Petersen Automotive Museum",
        "Slug": "petersen-automotive-museum-af816",
        "City": "Miracle Mile",
        "Category": "Arts",
        "Tags": "architecture; family-friendly; must-see",
        "Description": "A high-speed auto enthusiast wrapped in futuristic red-and-silver steel ribbons, housing legendary cars."
      }
    },
    {
      "type": "Feature",
      "geometry": {
        "type": "Point",
        "coordinates": [
          -118.403,
          34.0696
        ]
      },
      "properties": {
        "Name": "Rodeo Drive",
        "Slug": "rodeo-drive-b8f8b",
        "City": "Beverly Hills",
        "Category": "Shopping",
        "Tags": "must-see; photo-spot; celebrity-spot; walkable",
        "Description": "The pinnacle of luxury and glamour, strolling past palm-lined designer boutiques and immaculate sports cars."
      }
    },
    {
      "type": "Feature",
      "geometry": {
        "type": "Point",
        "coordinates": [
          -118.4136,
          34.0815
        ]
      },
      "properties": {
        "Name": "Beverly Hills Hotel (The Pink Palace)",
        "Slug": "beverly-hills-hotel-the-pink-palace-97936",
        "City": "Beverly Hills",
        "Category": "Landmarks",
        "Tags": "historic; celebrity-spot; photo-spot",
        "Description": "A pink-hued Hollywood royalty host tucked behind tropical banana leaves, serving fountain treats and vintage glam."
      }
    },
    {
      "type": "Feature",
      "geometry": {
        "type": "Point",
        "coordinates": [
          -118.402,
          34.0924
        ]
      },
      "properties": {
        "Name": "Greystone Mansion & Gardens",
        "Slug": "greystone-mansion-and-gardens-b59bd",
        "City": "Beverly Hills",
        "Category": "Landmarks",
        "Tags": "architecture; filming-location; free-budget; photo-spot",
        "Description": "A mysterious 1928 Tudor estate surrounded by manicured stone terraces, fountains, and movie-set history."
      }
    },
    {
      "type": "Feature",
      "geometry": {
        "type": "Point",
        "coordinates": [
          -118.415,
          34.085
        ]
      },
      "properties": {
        "Name": "Virginia Robinson Gardens",
        "Slug": "virginia-robinson-gardens-ded5e",
        "City": "Beverly Hills",
        "Category": "Parks",
        "Tags": "historic; architecture; photo-spot",
        "Description": "Beverly Hills' first historic estate, nestled in a lush palm forest hidden behind quiet residential streets."
      }
    },
    {
      "type": "Feature",
      "geometry": {
        "type": "Point",
        "coordinates": [
          -118.3965,
          34.0206
        ]
      },
      "properties": {
        "Name": "Sony Pictures Studios Tour",
        "Slug": "sony-pictures-studios-tour-b27de",
        "City": "Culver City",
        "Category": "Entertainment",
        "Tags": "filming-location; historic; must-see",
        "Description": "A historic studio lot in Culver City where Wizard of Oz and Spider-Man were filmed under the giant rainbow arch."
      }
    },
    {
      "type": "Feature",
      "geometry": {
        "type": "Point",
        "coordinates": [
          -118.3842,
          34.0205
        ]
      },
      "properties": {
        "Name": "Baldwin Hills Scenic Overlook (Culver City Stairs)",
        "Slug": "baldwin-hills-scenic-overlook-culver-city-stairs-c3503",
        "City": "Culver City",
        "Category": "Parks",
        "Tags": "skyline-views; free-budget; walkable",
        "Description": "A outdoor stair-climbing favorite offering panoramic views stretching from Downtown LA to the Pacific Ocean."
      }
    },
    {
      "type": "Feature",
      "geometry": {
        "type": "Point",
        "coordinates": [
          -118.3606,
          34.0722
        ]
      },
      "properties": {
        "Name": "Original Farmers Market (3rd & Fairfax)",
        "Slug": "original-farmers-market-3rd-and-fairfax-bd639",
        "City": "Mid-City",
        "Category": "Dining",
        "Tags": "iconic-eats; historic; walkable; family-friendly",
        "Description": "A cheerful, open-air elder feeding visitors since 1934 with fresh produce, artisan pastries, and international stalls."
      }
    },
    {
      "type": "Feature",
      "geometry": {
        "type": "Point",
        "coordinates": [
          -118.358,
          34.072
        ]
      },
      "properties": {
        "Name": "The Grove",
        "Slug": "the-grove-d8dae",
        "City": "Mid-City",
        "Category": "Shopping",
        "Tags": "family-friendly; walkable; entertainment",
        "Description": "A lively shopping lifestyle hub featuring dancing fountains, cobblestone streets, and a double-decker trolley."
      }
    },
    {
      "type": "Feature",
      "geometry": {
        "type": "Point",
        "coordinates": [
          -118.3,
          34.062
        ]
      },
      "properties": {
        "Name": "Koreatown BBQ District",
        "Slug": "koreatown-bbq-district-5c24e",
        "City": "Koreatown",
        "Category": "Dining",
        "Tags": "iconic-eats; late-night; local-favorite",
        "Description": "A night owl feeding foodies sizzling galbi and banchan on charcoal grills into the early morning hours."
      }
    },
    {
      "type": "Feature",
      "geometry": {
        "type": "Point",
        "coordinates": [
          -118.3088,
          34.0617
        ]
      },
      "properties": {
        "Name": "The Wiltern",
        "Slug": "the-wiltern-b3bf8",
        "City": "Koreatown",
        "Category": "Entertainment",
        "Tags": "architecture; historic",
        "Description": "A stunning blue-green Art Deco landmark hosting electric live concerts under ornate ceiling murals."
      }
    },
    {
      "type": "Feature",
      "geometry": {
        "type": "Point",
        "coordinates": [
          -118.3615,
          34.0763
        ]
      },
      "properties": {
        "Name": "Canter's Deli",
        "Slug": "canter-s-deli-3eb20",
        "City": "Fairfax",
        "Category": "Dining",
        "Tags": "iconic-eats; historic; late-night",
        "Description": "A 24-hour Fairfax neighborhood staple serving hot pastrami and matzo ball soup since 1931."
      }
    },
    {
      "type": "Feature",
      "geometry": {
        "type": "Point",
        "coordinates": [
          -118.4428,
          34.0375
        ]
      },
      "properties": {
        "Name": "Sawtelle Japantown",
        "Slug": "sawtelle-japantown-ed970",
        "City": "Sawtelle",
        "Category": "Dining",
        "Tags": "iconic-eats; walkable; local-favorite; street-food",
        "Description": "A dense, walkable culinary corridor bursting with artisanal ramen, boba, matchas, and Japanese bakeries."
      }
    },
    {
      "type": "Feature",
      "geometry": {
        "type": "Point",
        "coordinates": [
          -118.4973,
          34.0099
        ]
      },
      "properties": {
        "Name": "Santa Monica Pier",
        "Slug": "santa-monica-pier-6f0bc",
        "City": "Santa Monica",
        "Category": "Landmarks",
        "Tags": "beach-vibes; must-see; family-friendly; photo-spot",
        "Description": "An energetic wooden pier extending into the Pacific, crowned with a solar-powered Ferris wheel and carnival tunes."
      }
    },
    {
      "type": "Feature",
      "geometry": {
        "type": "Point",
        "coordinates": [
          -118.4983,
          34.0118
        ]
      },
      "properties": {
        "Name": "Santa Monica State Beach",
        "Slug": "santa-monica-state-beach-7a8ad",
        "City": "Santa Monica",
        "Category": "Parks",
        "Tags": "beach-vibes; free-budget; must-see",
        "Description": "A vast oceanfront playground offering golden sands, volleyball courts, and endless ocean horizons."
      }
    },
    {
      "type": "Feature",
      "geometry": {
        "type": "Point",
        "coordinates": [
          -118.4962,
          34.0152
        ]
      },
      "properties": {
        "Name": "Third Street Promenade",
        "Slug": "third-street-promenade-773a4",
        "City": "Santa Monica",
        "Category": "Shopping",
        "Tags": "walkable; family-friendly",
        "Description": "A pedestrian-only street entertainer lined with shade trees, street performers, and outdoor dining patios."
      }
    },
    {
      "type": "Feature",
      "geometry": {
        "type": "Point",
        "coordinates": [
          -118.4695,
          33.985
        ]
      },
      "properties": {
        "Name": "Venice Beach Boardwalk",
        "Slug": "venice-beach-boardwalk-ffbe3",
        "City": "Venice",
        "Category": "Landmarks",
        "Tags": "beach-vibes; street-art; must-see",
        "Description": "A colorful, rebellious free spirit showcasing skateboarders, street artists, fortune tellers, and ocean breezes."
      }
    },
    {
      "type": "Feature",
      "geometry": {
        "type": "Point",
        "coordinates": [
          -118.4654,
          33.9831
        ]
      },
      "properties": {
        "Name": "Venice Canals",
        "Slug": "venice-canals-175f3",
        "City": "Venice",
        "Category": "Landmarks",
        "Tags": "architecture; photo-spot; romantic; walkable; free-budget",
        "Description": "A serene Italian dream hidden behind Venice's beach noise, complete with charming footbridges and duck ponds."
      }
    },
    {
      "type": "Feature",
      "geometry": {
        "type": "Point",
        "coordinates": [
          -118.465,
          33.9902
        ]
      },
      "properties": {
        "Name": "Abbot Kinney Boulevard",
        "Slug": "abbot-kinney-boulevard-fd14b",
        "City": "Venice",
        "Category": "Shopping",
        "Tags": "walkable; coffee; vintage-thrifting; local-favorite",
        "Description": "The westside's coolest tastemaker, lined with sleek boutiques, Third Wave coffee bars, and gourmet food trucks."
      }
    },
    {
      "type": "Feature",
      "geometry": {
        "type": "Point",
        "coordinates": [
          -118.4728,
          33.9872
        ]
      },
      "properties": {
        "Name": "Muscle Beach Venice",
        "Slug": "muscle-beach-venice-23ebd",
        "City": "Venice",
        "Category": "Landmarks",
        "Tags": "beach-vibes; historic; photo-spot",
        "Description": "An iconic outdoor gym showman where bodybuilders and gymnasts have trained under the beach sun since the 1930s."
      }
    },
    {
      "type": "Feature",
      "geometry": {
        "type": "Point",
        "coordinates": [
          -118.5085,
          34.0227
        ]
      },
      "properties": {
        "Name": "Annenberg Community Beach House",
        "Slug": "annenberg-community-beach-house-7719c",
        "City": "Santa Monica",
        "Category": "Parks",
        "Tags": "beach-vibes; family-friendly; historic",
        "Description": "A welcoming beachside guest house built on Marion Davies' historic estate, open for splash pads and ocean views."
      }
    },
    {
      "type": "Feature",
      "geometry": {
        "type": "Point",
        "coordinates": [
          -118.5002,
          34.0162
        ]
      },
      "properties": {
        "Name": "Palisades Park",
        "Slug": "palisades-park-9d15c",
        "City": "Santa Monica",
        "Category": "Parks",
        "Tags": "skyline-views; beach-vibes; romantic; free-budget",
        "Description": "A peaceful coastal watcher resting along sandstone bluffs, offering front-row seats to Pacific sunsets."
      }
    },
    {
      "type": "Feature",
      "geometry": {
        "type": "Point",
        "coordinates": [
          -118.4925,
          34.0305
        ]
      },
      "properties": {
        "Name": "Montana Avenue",
        "Slug": "montana-avenue-c81b3",
        "City": "Santa Monica",
        "Category": "Shopping",
        "Tags": "walkable; coffee; local-favorite",
        "Description": "A relaxed, upscale neighborhood host packed with quiet coffee shops, juice bars, and chic local boutiques."
      }
    },
    {
      "type": "Feature",
      "geometry": {
        "type": "Point",
        "coordinates": [
          -118.8752,
          34.0389
        ]
      },
      "properties": {
        "Name": "El Matador State Beach",
        "Slug": "el-matador-state-beach-e9cf6",
        "City": "Malibu",
        "Category": "Parks",
        "Tags": "beach-vibes; photo-spot; romantic; free-budget",
        "Description": "A dramatic coastal beauty showing off sea caves, sea arches, and golden sunset lighting along steep cliffs."
      }
    },
    {
      "type": "Feature",
      "geometry": {
        "type": "Point",
        "coordinates": [
          -118.6763,
          34.0366
        ]
      },
      "properties": {
        "Name": "Malibu Pier",
        "Slug": "malibu-pier-0370f",
        "City": "Malibu",
        "Category": "Landmarks",
        "Tags": "beach-vibes; iconic-eats; photo-spot",
        "Description": "A rustic twin-tower pier host inviting anglers, surfers, and farm-to-table diners out over the surf."
      }
    },
    {
      "type": "Feature",
      "geometry": {
        "type": "Point",
        "coordinates": [
          -118.5653,
          34.0459
        ]
      },
      "properties": {
        "Name": "The Getty Villa",
        "Slug": "the-getty-villa-40abe",
        "City": "Malibu",
        "Category": "Arts",
        "Tags": "architecture; free-budget; historic; must-see",
        "Description": "An ancient Roman country house overlooking the sea, filled with Mediterranean antiquities and reflecting pools."
      }
    },
    {
      "type": "Feature",
      "geometry": {
        "type": "Point",
        "coordinates": [
          -118.8258,
          34.0223
        ]
      },
      "properties": {
        "Name": "Zuma Beach",
        "Slug": "zuma-beach-6061f",
        "City": "Malibu",
        "Category": "Parks",
        "Tags": "beach-vibes; free-budget",
        "Description": "Malibu's wide-open beach lover, famous for clean surf breaks, wide sands, and dolphin spottings."
      }
    },
    {
      "type": "Feature",
      "geometry": {
        "type": "Point",
        "coordinates": [
          -118.8066,
          34.0011
        ]
      },
      "properties": {
        "Name": "Point Dume Nature Preserve",
        "Slug": "point-dume-nature-preserve-bf7f5",
        "City": "Malibu",
        "Category": "Parks",
        "Tags": "beach-vibes; skyline-views; photo-spot; free-budget",
        "Description": "A majestic coastal headland standing guard over Malibu, offering cliffside walking trails and whale watching views."
      }
    },
    {
      "type": "Feature",
      "geometry": {
        "type": "Point",
        "coordinates": [
          -118.9634,
          34.0531
        ]
      },
      "properties": {
        "Name": "Neptune's Net",
        "Slug": "neptune-s-net-820a7",
        "City": "Malibu",
        "Category": "Dining",
        "Tags": "beach-vibes; iconic-eats; filming-location",
        "Description": "A legendary biker and surfer seafood hangout serving fresh clams, fish & chips, and cold brews right off PCH."
      }
    },
    {
      "type": "Feature",
      "geometry": {
        "type": "Point",
        "coordinates": [
          -118.4741,
          34.078
        ]
      },
      "properties": {
        "Name": "The Getty Center",
        "Slug": "the-getty-center-87f3f",
        "City": "Brentwood",
        "Category": "Arts",
        "Tags": "architecture; free-budget; skyline-views; must-see",
        "Description": "A travertine marble hilltop fortress showcasing European art, tranquil water gardens, and citywide views."
      }
    },
    {
      "type": "Feature",
      "geometry": {
        "type": "Point",
        "coordinates": [
          -118.4439,
          34.0594
        ]
      },
      "properties": {
        "Name": "Hammer Museum",
        "Slug": "hammer-museum-d7587",
        "City": "Westwood",
        "Category": "Arts",
        "Tags": "free-budget; walkable",
        "Description": "An intellectual UCLA-adjacent gallery host offering cutting-edge modern art exhibitions with free entry."
      }
    },
    {
      "type": "Feature",
      "geometry": {
        "type": "Point",
        "coordinates": [
          -118.419,
          34.0588
        ]
      },
      "properties": {
        "Name": "Westfield Century City",
        "Slug": "westfield-century-city-c3716",
        "City": "Century City",
        "Category": "Shopping",
        "Tags": "dining; rooftop-patio; walkable",
        "Description": "An open-air luxury oasis filled with garden plazas, gourmet food halls, and high-fashion shopping."
      }
    },
    {
      "type": "Feature",
      "geometry": {
        "type": "Point",
        "coordinates": [
          -118.339,
          33.9535
        ]
      },
      "properties": {
        "Name": "SoFi Stadium & Hollywood Park",
        "Slug": "sofi-stadium-and-hollywood-park-dbd98",
        "City": "Inglewood",
        "Category": "Entertainment",
        "Tags": "sports-event-hub; must-see; architecture",
        "Description": "An architectural marvel sports mega-venue hosting Super Bowls, mega-concerts, and world-class entertainment."
      }
    },
    {
      "type": "Feature",
      "geometry": {
        "type": "Point",
        "coordinates": [
          -118.1145,
          34.1272
        ]
      },
      "properties": {
        "Name": "The Huntington Library & Botanical Gardens",
        "Slug": "the-huntington-library-and-botanical-gardens-063d5",
        "City": "San Marino",
        "Category": "Arts",
        "Tags": "must-see; architecture; photo-spot; family-friendly",
        "Description": "A cultured scholar living among 120 acres of breathtaking Japanese, Chinese, and desert gardens."
      }
    },
    {
      "type": "Feature",
      "geometry": {
        "type": "Point",
        "coordinates": [
          -118.1503,
          34.1456
        ]
      },
      "properties": {
        "Name": "Old Pasadena Historic District",
        "Slug": "old-pasadena-historic-district-15cb7",
        "City": "Pasadena",
        "Category": "Shopping",
        "Tags": "historic; architecture; walkable; dining",
        "Description": "A restored 19th-century brick beauty packed with alleyway cafes, boutiques, and historic architecture."
      }
    },
    {
      "type": "Feature",
      "geometry": {
        "type": "Point",
        "coordinates": [
          -118.1676,
          34.1613
        ]
      },
      "properties": {
        "Name": "Rose Bowl Stadium",
        "Slug": "rose-bowl-stadium-c5e46",
        "City": "Pasadena",
        "Category": "Entertainment",
        "Tags": "historic; sports-event-hub; vintage-thrifting",
        "Description": "A sports and flea market giant nestled in the Arroyo Seco, hosting historic games and world-famous flea markets."
      }
    },
    {
      "type": "Feature",
      "geometry": {
        "type": "Point",
        "coordinates": [
          -118.1609,
          34.1517
        ]
      },
      "properties": {
        "Name": "Gamble House",
        "Slug": "gamble-house-9f8d5",
        "City": "Pasadena",
        "Category": "Landmarks",
        "Tags": "architecture; historic; filming-location",
        "Description": "The ultimate American Craftsman bungalow, handcrafted in 1908 with teak, mahogany, and stained glass details."
      }
    },
    {
      "type": "Feature",
      "geometry": {
        "type": "Point",
        "coordinates": [
          -118.1595,
          34.146
        ]
      },
      "properties": {
        "Name": "Norton Simon Museum",
        "Slug": "norton-simon-museum-0b9da",
        "City": "Pasadena",
        "Category": "Arts",
        "Tags": "must-see; historic; walkable",
        "Description": "An intimate art lover holding masterpieces by Degas, Van Gogh, and Rembrandt alongside sculpture gardens."
      }
    },
    {
      "type": "Feature",
      "geometry": {
        "type": "Point",
        "coordinates": [
          -118.1442,
          34.1478
        ]
      },
      "properties": {
        "Name": "Pasadena City Hall",
        "Slug": "pasadena-city-hall-c707c",
        "City": "Pasadena",
        "Category": "Landmarks",
        "Tags": "architecture; photo-spot; filming-location; free-budget",
        "Description": "A grand Mediterranean Revival palace featuring a soaring dome courtyard that has starred in dozens of TV shows."
      }
    },
    {
      "type": "Feature",
      "geometry": {
        "type": "Point",
        "coordinates": [
          -118.2108,
          34.2013
        ]
      },
      "properties": {
        "Name": "Descanso Gardens",
        "Slug": "descanso-gardens-19119",
        "City": "La Ca\u00f1ada Flintridge",
        "Category": "Parks",
        "Tags": "family-friendly; photo-spot; romantic",
        "Description": "A camellia and oak forest haven where visitors wander through enchanted railroad trains and rose gardens."
      }
    },
    {
      "type": "Feature",
      "geometry": {
        "type": "Point",
        "coordinates": [
          -118.0519,
          34.1415
        ]
      },
      "properties": {
        "Name": "Los Angeles County Arboretum",
        "Slug": "los-angeles-county-arboretum-0499d",
        "City": "Arcadia",
        "Category": "Parks",
        "Tags": "filming-location; family-friendly; photo-spot",
        "Description": "A historical garden sanctuary where peacocks roam freely around historic cottages and botanical greenhouses."
      }
    },
    {
      "type": "Feature",
      "geometry": {
        "type": "Point",
        "coordinates": [
          -118.1062,
          34.0969
        ]
      },
      "properties": {
        "Name": "Mission San Gabriel Arc\u00e1ngel",
        "Slug": "mission-san-gabriel-arc-ngel-7af32",
        "City": "San Gabriel",
        "Category": "Landmarks",
        "Tags": "historic; architecture; free-budget",
        "Description": "A 1771 historic Spanish mission guardian featuring Moorish stone architecture and ancient bells."
      }
    },
    {
      "type": "Feature",
      "geometry": {
        "type": "Point",
        "coordinates": [
          -118.1258,
          34.0792
        ]
      },
      "properties": {
        "Name": "Alhambra Asian Culinary Hub (Valley Blvd)",
        "Slug": "alhambra-asian-culinary-hub-valley-blvd-9b250",
        "City": "Alhambra",
        "Category": "Dining",
        "Tags": "iconic-eats; local-favorite; street-food",
        "Description": "The undisputed dim sum and hand-pulled noodle king of Southern California, brimming with authentic flavors."
      }
    },
    {
      "type": "Feature",
      "geometry": {
        "type": "Point",
        "coordinates": [
          -118.414,
          33.8837
        ]
      },
      "properties": {
        "Name": "Manhattan Beach Pier",
        "Slug": "manhattan-beach-pier-7aaa0",
        "City": "Manhattan Beach",
        "Category": "Landmarks",
        "Tags": "beach-vibes; photo-spot; walkable",
        "Description": "An elegant beachside pier host ending at a round turquoise aquarium, surrounded by beach volleyball courts."
      }
    },
    {
      "type": "Feature",
      "geometry": {
        "type": "Point",
        "coordinates": [
          -118.4013,
          33.8617
        ]
      },
      "properties": {
        "Name": "Hermosa Beach Pier & Plaza",
        "Slug": "hermosa-beach-pier-and-plaza-b2333",
        "City": "Hermosa Beach",
        "Category": "Landmarks",
        "Tags": "beach-vibes; nightlife; walkable",
        "Description": "An energetic coastal party host lined with surf shops, patio bars, and beachside promenades."
      }
    },
    {
      "type": "Feature",
      "geometry": {
        "type": "Point",
        "coordinates": [
          -118.3918,
          33.842
        ]
      },
      "properties": {
        "Name": "Redondo Beach Pier",
        "Slug": "redondo-beach-pier-01793",
        "City": "Redondo Beach",
        "Category": "Landmarks",
        "Tags": "beach-vibes; iconic-eats; family-friendly",
        "Description": "A horseshoe-shaped pier veteran serving up fresh live crab, churros, and harbor boat rides."
      }
    },
    {
      "type": "Feature",
      "geometry": {
        "type": "Point",
        "coordinates": [
          -118.378,
          33.7441
        ]
      },
      "properties": {
        "Name": "Wayfarers Chapel (Glass Church Grounds)",
        "Slug": "wayfarers-chapel-glass-church-grounds-ec200",
        "City": "Rancho Palos Verdes",
        "Category": "Landmarks",
        "Tags": "architecture; skyline-views; photo-spot",
        "Description": "Lloyd Wright's glass-and-redwood sanctuary tucked high on Palos Verdes cliffs with ocean views."
      }
    },
    {
      "type": "Feature",
      "geometry": {
        "type": "Point",
        "coordinates": [
          -118.4111,
          33.7417
        ]
      },
      "properties": {
        "Name": "Point Vicente Lighthouse",
        "Slug": "point-vicente-lighthouse-f6400",
        "City": "Rancho Palos Verdes",
        "Category": "Landmarks",
        "Tags": "skyline-views; free-budget; photo-spot",
        "Description": "A rugged cliffside coastal lookout watching over Pacific whale migration lanes."
      }
    },
    {
      "type": "Feature",
      "geometry": {
        "type": "Point",
        "coordinates": [
          -118.1898,
          33.7528
        ]
      },
      "properties": {
        "Name": "The Queen Mary",
        "Slug": "the-queen-mary-63e1b",
        "City": "Long Beach",
        "Category": "Landmarks",
        "Tags": "historic; must-see; nightlife; family-friendly",
        "Description": "A grand 1930s ocean liner floating permanently in Long Beach Harbor, rich in Art Deco history and ghost lore."
      }
    },
    {
      "type": "Feature",
      "geometry": {
        "type": "Point",
        "coordinates": [
          -118.1969,
          33.7622
        ]
      },
      "properties": {
        "Name": "Aquarium of the Pacific",
        "Slug": "aquarium-of-the-pacific-30c2a",
        "City": "Long Beach",
        "Category": "Entertainment",
        "Tags": "family-friendly; must-see",
        "Description": "A marine life educator hosting sea otters, shark touch tanks, and vibrant coral reef habitats."
      }
    },
    {
      "type": "Feature",
      "geometry": {
        "type": "Point",
        "coordinates": [
          -118.139,
          33.7583
        ]
      },
      "properties": {
        "Name": "Belmont Shore (2nd Street)",
        "Slug": "belmont-shore-2nd-street-66fd2",
        "City": "Long Beach",
        "Category": "Shopping",
        "Tags": "beach-vibes; walkable; dining",
        "Description": "A friendly beach-town shopping strip bursting with outdoor dining, ice cream shops, and dog lovers."
      }
    },
    {
      "type": "Feature",
      "geometry": {
        "type": "Point",
        "coordinates": [
          -118.2562,
          34.1444
        ]
      },
      "properties": {
        "Name": "The Americana at Brand & Glendale Galleria",
        "Slug": "the-americana-at-brand-and-glendale-galleria-98a01",
        "City": "Glendale",
        "Category": "Shopping",
        "Tags": "shopping; family-friendly; walkable; dining",
        "Description": "Glendale's polished shopping oasis featuring dancing fountains, trolley cars, and outdoor cafes."
      }
    },
    {
      "type": "Feature",
      "geometry": {
        "type": "Point",
        "coordinates": [
          -118.3762,
          34.1689
        ]
      },
      "properties": {
        "Name": "NoHo Arts District",
        "Slug": "noho-arts-district-bc2d5",
        "City": "North Hollywood",
        "Category": "Arts",
        "Tags": "walkable; vintage-thrifting",
        "Description": "The Valley's theatrical bohemian, home to small equity theaters, dance studios, and vintage clothing stores."
      }
    },
    {
      "type": "Feature",
      "geometry": {
        "type": "Point",
        "coordinates": [
          -118.2606,
          34.0728
        ]
      },
      "properties": {
        "Name": "Echo Park Lake",
        "Slug": "echo-park-lake-f9b0d",
        "City": "Echo Park",
        "Category": "Parks",
        "Tags": "skyline-views; local-favorite; family-friendly; free-budget",
        "Description": "An urban oasis where lotus blossoms bloom around swan pedal boats against the DTLA skyline."
      }
    },
    {
      "type": "Feature",
      "geometry": {
        "type": "Point",
        "coordinates": [
          -118.2675,
          34.0883
        ]
      },
      "properties": {
        "Name": "Silver Lake Reservoir & Meadow",
        "Slug": "silver-lake-reservoir-and-meadow-c9ace",
        "City": "Silver Lake",
        "Category": "Parks",
        "Tags": "local-favorite; walkable; dog-friendly; free-budget",
        "Description": "The Eastside's favorite neighborhood gathering lawn for dog walks, picnics, and jogger watching."
      }
    },
    {
      "type": "Feature",
      "geometry": {
        "type": "Point",
        "coordinates": [
          -118.2778,
          34.0908
        ]
      },
      "properties": {
        "Name": "Sunset Junction",
        "Slug": "sunset-junction-83e5a",
        "City": "Silver Lake",
        "Category": "Shopping",
        "Tags": "coffee; vintage-thrifting; local-favorite; walkable",
        "Description": "Silver Lake's hipster crossroads, serving up artisanal espresso, vinyl shops, and indie fashion."
      }
    },
    {
      "type": "Feature",
      "geometry": {
        "type": "Point",
        "coordinates": [
          -118.1883,
          34.1208
        ]
      },
      "properties": {
        "Name": "Highland Park (York & Figueroa)",
        "Slug": "highland-park-york-and-figueroa-de510",
        "City": "Highland Park",
        "Category": "Shopping",
        "Tags": "local-favorite; vintage-thrifting; tacos; walkable",
        "Description": "A vibrant, retro-loving neighborhood blending historic bowling alleys, taco trucks, and vintage boutiques."
      }
    },
    {
      "type": "Feature",
      "geometry": {
        "type": "Point",
        "coordinates": [
          -118.24,
          34.0739
        ]
      },
      "properties": {
        "Name": "Dodger Stadium",
        "Slug": "dodger-stadium-1a1ab",
        "City": "DTLA",
        "Category": "Entertainment",
        "Tags": "sports-event-hub; skyline-views; must-see; historic",
        "Description": "LA's baseball cathedral resting in Chavez Ravine, serving up Dodger Dogs and sunset views over Downtown."
      }
    },
    {
      "type": "Feature",
      "geometry": {
        "type": "Point",
        "coordinates": [
          -118.2081,
          34.0878
        ]
      },
      "properties": {
        "Name": "Heritage Square Museum",
        "Slug": "heritage-square-museum-8b982",
        "City": "Lincoln Heights",
        "Category": "Landmarks",
        "Tags": "historic; architecture; photo-spot",
        "Description": "A Victorian time capsule tucked along the Arroyo Seco, showcasing beautifully restored 19th-century LA mansions."
      }
    },
    {
      "type": "Feature",
      "geometry": {
        "type": "Point",
        "coordinates": [
          -118.3534,
          34.1381
        ]
      },
      "properties": {
        "Name": "Universal Studios Hollywood",
        "Slug": "universal-studios-hollywood-47251",
        "City": "Hollywood",
        "Category": "Entertainment",
        "Tags": "entertainment; family-friendly; filming-location; must-see; photo-spot",
        "Description": "A world-famous movie studio and theme park where blockbusters come to life with thrilling rides and studio tours."
      }
    },
    {
      "type": "Feature",
      "geometry": {
        "type": "Point",
        "coordinates": [
          -118.352,
          34.1365
        ]
      },
      "properties": {
        "Name": "Universal CityWalk",
        "Slug": "universal-citywalk-50edc",
        "City": "Hollywood",
        "Category": "Shopping",
        "Tags": "shopping; dining; entertainment; family-friendly; photo-spot",
        "Description": "A high-energy, neon-lit outdoor entertainment complex packed with shops, dining, and vibrant nightlife outside Universal Studios."
      }
    },
    {
      "type": "Feature",
      "geometry": {
        "type": "Point",
        "coordinates": [
          -118.3402,
          34.1016
        ]
      },
      "properties": {
        "Name": "Ovation Hollywood",
        "Slug": "ovation-hollywood-a9734",
        "City": "Hollywood",
        "Category": "Shopping",
        "Tags": "shopping; photo-spot; must-see; public-transit; historic",
        "Description": "The bustling Hollywood & Highland complex framing sweeping views of the Hollywood Sign and hosting the Dolby Theatre."
      }
    },
    {
      "type": "Feature",
      "geometry": {
        "type": "Point",
        "coordinates": [
          -118.3262,
          34.1031
        ]
      },
      "properties": {
        "Name": "Capitol Records Building",
        "Slug": "capitol-records-building-eca57",
        "City": "Hollywood",
        "Category": "Landmarks",
        "Tags": "architecture; historic; photo-spot; must-see; local-favorite",
        "Description": "An iconic 13-story circular tower resembling a stack of vinyl records, standing tall over Hollywood and Vine."
      }
    },
    {
      "type": "Feature",
      "geometry": {
        "type": "Point",
        "coordinates": [
          -118.3407,
          34.1008
        ]
      },
      "properties": {
        "Name": "El Capitan Theatre",
        "Slug": "el-capitan-theatre-8fea2",
        "City": "Hollywood",
        "Category": "Entertainment",
        "Tags": "historic; family-friendly; entertainment; architecture; must-see",
        "Description": "Disney's lavishly restored 1926 movie palace offering world-premiere film experiences and live organ shows."
      }
    },
    {
      "type": "Feature",
      "geometry": {
        "type": "Point",
        "coordinates": [
          -118.3418,
          34.1045
        ]
      },
      "properties": {
        "Name": "The Magic Castle",
        "Slug": "the-magic-castle-0b518",
        "City": "Hollywood",
        "Category": "Entertainment",
        "Tags": "historic; entertainment; nightlife; local-favorite; photo-spot",
        "Description": "An exclusive Victorian mansion clubhouse dedicated to mystery, fine dining, and world-class sleight-of-hand magic."
      }
    },
    {
      "type": "Feature",
      "geometry": {
        "type": "Point",
        "coordinates": [
          -118.3361,
          34.1011
        ]
      },
      "properties": {
        "Name": "Egyptian Theatre",
        "Slug": "egyptian-theatre-3acab",
        "City": "Hollywood",
        "Category": "Entertainment",
        "Tags": "historic; architecture; filming-location; entertainment; local-favorite",
        "Description": "Hollywood's pioneer 1922 movie palace restored by Netflix, showcasing film preservation and cinema history."
      }
    },
    {
      "type": "Feature",
      "geometry": {
        "type": "Point",
        "coordinates": [
          -118.314,
          34.1215
        ]
      },
      "properties": {
        "Name": "Bronson Canyon & Batcave",
        "Slug": "bronson-canyon-batcave-e03cf",
        "City": "Hollywood",
        "Category": "Parks",
        "Tags": "filming-location; free-budget; dog-friendly; photo-spot; family-friendly",
        "Description": "A rugged quarry in Griffith Park featuring the famous cavern tunnel used as Batman's Batcave in classic TV."
      }
    },
    {
      "type": "Feature",
      "geometry": {
        "type": "Point",
        "coordinates": [
          -118.3751,
          34.101
        ]
      },
      "properties": {
        "Name": "Stahl House (Case Study House #22)",
        "Slug": "stahl-house-case-study-house-22-04943",
        "City": "Hollywood",
        "Category": "Landmarks",
        "Tags": "architecture; photo-spot; romantic; historic; must-see",
        "Description": "Pierre Koenig's glass-and-steel Mid-Century Modern masterpiece cantilevered dramatically over the Hollywood Hills."
      }
    },
    {
      "type": "Feature",
      "geometry": {
        "type": "Point",
        "coordinates": [
          -118.3358,
          34.1348
        ]
      },
      "properties": {
        "Name": "Hollywood Heritage Museum",
        "Slug": "hollywood-heritage-museum-0fda8",
        "City": "Hollywood",
        "Category": "Arts",
        "Tags": "historic; filming-location; family-friendly; free-budget; local-favorite",
        "Description": "Housed inside DeMille's historic barn, celebrating the earliest days of silent filmmaking in Hollywood."
      }
    },
    {
      "type": "Feature",
      "geometry": {
        "type": "Point",
        "coordinates": [
          -118.2863,
          34.0158
        ]
      },
      "properties": {
        "Name": "California Science Center",
        "Slug": "california-science-center-3335a",
        "City": "DTLA",
        "Category": "Arts",
        "Tags": "family-friendly; free-budget; must-see; interactive; public-transit",
        "Description": "A state-of-the-art science destination housing hands-on exhibits and the historic Space Shuttle Endeavour."
      }
    },
    {
      "type": "Feature",
      "geometry": {
        "type": "Point",
        "coordinates": [
          -118.2878,
          34.017
        ]
      },
      "properties": {
        "Name": "Natural History Museum of LA County",
        "Slug": "natural-history-museum-of-la-county-3090b",
        "City": "DTLA",
        "Category": "Arts",
        "Tags": "family-friendly; historic; architecture; must-see; photo-spot",
        "Description": "Exhibiting giant dinosaur halls, rare gems, and sprawling nature gardens inside Exposition Park."
      }
    },
    {
      "type": "Feature",
      "geometry": {
        "type": "Point",
        "coordinates": [
          -118.2878,
          34.0142
        ]
      },
      "properties": {
        "Name": "Los Angeles Memorial Coliseum",
        "Slug": "los-angeles-memorial-coliseum-68697",
        "City": "DTLA",
        "Category": "Landmarks",
        "Tags": "historic; architecture; entertainment; photo-spot; must-see",
        "Description": "A historic National Historic Landmark stadium having hosted two Olympic Games and major historic events."
      }
    },
    {
      "type": "Feature",
      "geometry": {
        "type": "Point",
        "coordinates": [
          -118.2858,
          34.0181
        ]
      },
      "properties": {
        "Name": "Exposition Park Rose Garden",
        "Slug": "exposition-park-rose-garden-a544d",
        "City": "DTLA",
        "Category": "Parks",
        "Tags": "free-budget; photo-spot; romantic; historic; dog-friendly",
        "Description": "A sunken, seven-acre historic rose garden featuring thousands of fragrant blooms around a central fountain."
      }
    },
    {
      "type": "Feature",
      "geometry": {
        "type": "Point",
        "coordinates": [
          -118.2458,
          34.0558
        ]
      },
      "properties": {
        "Name": "Gloria Molina Grand Park",
        "Slug": "gloria-molina-grand-park-d86ef",
        "City": "DTLA",
        "Category": "Parks",
        "Tags": "free-budget; family-friendly; photo-spot; public-transit; local-favorite",
        "Description": "A vibrant 12-acre civic green space cascading from Music Center down to City Hall with a memorable pink fountain."
      }
    },
    {
      "type": "Feature",
      "geometry": {
        "type": "Point",
        "coordinates": [
          -118.2486,
          34.0566
        ]
      },
      "properties": {
        "Name": "Dorothy Chandler Pavilion & Music Center",
        "Slug": "dorothy-chandler-pavilion-music-center-48995",
        "City": "DTLA",
        "Category": "Arts",
        "Tags": "architecture; historic; entertainment; romantic; photo-spot",
        "Description": "A premier performing arts hub hosting opera, dance, and theatre across grand mid-century architectural spaces."
      }
    },
    {
      "type": "Feature",
      "geometry": {
        "type": "Point",
        "coordinates": [
          -118.2452,
          34.0583
        ]
      },
      "properties": {
        "Name": "Cathedral of Our Lady of the Angels",
        "Slug": "cathedral-of-our-lady-of-the-angels-67fc2",
        "City": "DTLA",
        "Category": "Landmarks",
        "Tags": "architecture; historic; free-budget; photo-spot; local-favorite",
        "Description": "Moneo's striking post-modern cathedral featuring glowing alabaster windows and serene courtyard gardens."
      }
    },
    {
      "type": "Feature",
      "geometry": {
        "type": "Point",
        "coordinates": [
          -118.2541,
          34.0498
        ]
      },
      "properties": {
        "Name": "Millennium Biltmore Hotel",
        "Slug": "millennium-biltmore-hotel-be573",
        "City": "DTLA",
        "Category": "Landmarks",
        "Tags": "historic; architecture; filming-location; romantic; photo-spot",
        "Description": "An opulent 1923 Spanish Italian Renaissance palace that hosted early Academy Awards galas."
      }
    },
    {
      "type": "Feature",
      "geometry": {
        "type": "Point",
        "coordinates": [
          -118.2558,
          34.0381
        ]
      },
      "properties": {
        "Name": "Santee Alley & Fashion District",
        "Slug": "santee-alley-fashion-district-ddf10",
        "City": "DTLA",
        "Category": "Shopping",
        "Tags": "shopping; iconic-eats; local-favorite; late-night; photo-spot",
        "Description": "A energetic outdoor open-air market humming with bargains, clothing stalls, and street food."
      }
    },
    {
      "type": "Feature",
      "geometry": {
        "type": "Point",
        "coordinates": [
          -118.2325,
          34.0336
        ]
      },
      "properties": {
        "Name": "ROW DTLA",
        "Slug": "row-dtla-cf990",
        "City": "DTLA",
        "Category": "Shopping",
        "Tags": "shopping; dining; architecture; photo-spot; local-favorite",
        "Description": "A reimagined 30-acre historic produce terminal turned into creative boutiques, artisan eateries, and pop-up markets."
      }
    },
    {
      "type": "Feature",
      "geometry": {
        "type": "Point",
        "coordinates": [
          -118.2778,
          34.0573
        ]
      },
      "properties": {
        "Name": "Langer's Delicatessen",
        "Slug": "langer-s-delicatessen-29d91",
        "City": "DTLA",
        "Category": "Dining",
        "Tags": "iconic-eats; historic; dining; local-favorite; must-see",
        "Description": "A legendary 1947 deli famed for serving the world-famous #19 hot pastrami sandwich on double-baked rye."
      }
    },
    {
      "type": "Feature",
      "geometry": {
        "type": "Point",
        "coordinates": [
          -118.285,
          34.0128
        ]
      },
      "properties": {
        "Name": "BMO Stadium",
        "Slug": "bmo-stadium-ecbb9",
        "City": "DTLA",
        "Category": "Entertainment",
        "Tags": "entertainment; photo-spot; public-transit; local-favorite",
        "Description": "A sleek, modern soccer-specific arena in Exposition Park home to LAFC and major outdoor concerts."
      }
    },
    {
      "type": "Feature",
      "geometry": {
        "type": "Point",
        "coordinates": [
          -118.2831,
          34.0157
        ]
      },
      "properties": {
        "Name": "California African American Museum (CAAM)",
        "Slug": "california-african-american-museum-caam-16cb0",
        "City": "DTLA",
        "Category": "Arts",
        "Tags": "free-budget; historic; family-friendly; local-favorite; public-transit",
        "Description": "An enriching museum exploring the vibrant history, art, and culture of African Americans in California and the West."
      }
    },
    {
      "type": "Feature",
      "geometry": {
        "type": "Point",
        "coordinates": [
          -118.2378,
          34.0468
        ]
      },
      "properties": {
        "Name": "Angel City Brewery",
        "Slug": "angel-city-brewery-594eb",
        "City": "Arts District",
        "Category": "Nightlife",
        "Tags": "nightlife; local-favorite; architecture; photo-spot; dog-friendly",
        "Description": "A massive craft brewery in a historic steel warehouse featuring craft beers, food trucks, and street art."
      }
    },
    {
      "type": "Feature",
      "geometry": {
        "type": "Point",
        "coordinates": [
          -118.2386,
          34.0453
        ]
      },
      "properties": {
        "Name": "82 Arcade Bar",
        "Slug": "82-arcade-bar-ea196",
        "City": "Arts District",
        "Category": "Nightlife",
        "Tags": "nightlife; entertainment; local-favorite; late-night; photo-spot",
        "Description": "A bustling retro arcade bar boasting dozens of restored classic pinball and video arcade cabinets."
      }
    },
    {
      "type": "Feature",
      "geometry": {
        "type": "Point",
        "coordinates": [
          -118.2415,
          34.0494
        ]
      },
      "properties": {
        "Name": "James Irvine Japanese Garden",
        "Slug": "james-irvine-japanese-garden-1df72",
        "City": "Little Tokyo",
        "Category": "Parks",
        "Tags": "free-budget; romantic; photo-spot; local-favorite; architecture",
        "Description": "A tranquil garden oasis tucked behind JACCC with a cascading waterfall, streams, and Japanese flora."
      }
    },
    {
      "type": "Feature",
      "geometry": {
        "type": "Point",
        "coordinates": [
          -118.2386,
          34.0658
        ]
      },
      "properties": {
        "Name": "Far East Plaza",
        "Slug": "far-east-plaza-6e3e5",
        "City": "Chinatown",
        "Category": "Dining",
        "Tags": "iconic-eats; dining; historic; local-favorite; photo-spot",
        "Description": "A two-story historic culinary mall showcasing both vintage dim sum spots and contemporary viral food counters."
      }
    },
    {
      "type": "Feature",
      "geometry": {
        "type": "Point",
        "coordinates": [
          -118.3719,
          34.0956
        ]
      },
      "properties": {
        "Name": "The Sunset Tower Hotel",
        "Slug": "the-sunset-tower-hotel-cce36",
        "City": "West Hollywood",
        "Category": "Landmarks",
        "Tags": "architecture; historic; celebrity-spot; romantic; photo-spot",
        "Description": "An iconic 1931 Art Deco skyscraper hotel that served as a Hollywood haunt for Marilyn Monroe and Frank Sinatra."
      }
    },
    {
      "type": "Feature",
      "geometry": {
        "type": "Point",
        "coordinates": [
          -118.3858,
          34.0908
        ]
      },
      "properties": {
        "Name": "Whisky a Go Go",
        "Slug": "whisky-a-go-go-6ebc4",
        "City": "West Hollywood",
        "Category": "Nightlife",
        "Tags": "nightlife; historic; entertainment; local-favorite; must-see",
        "Description": "The historic Sunset Strip rock venue where legendary bands like Led Zeppelin and The Doors got their break."
      }
    },
    {
      "type": "Feature",
      "geometry": {
        "type": "Point",
        "coordinates": [
          -118.3831,
          34.0825
        ]
      },
      "properties": {
        "Name": "Pacific Design Center",
        "Slug": "pacific-design-center-670c5",
        "City": "West Hollywood",
        "Category": "Landmarks",
        "Tags": "architecture; photo-spot; arts; local-favorite; walkable",
        "Description": "Cesare Pelli's striking multi-colored 'Blue Whale' architectural complex housing interior design showrooms."
      }
    },
    {
      "type": "Feature",
      "geometry": {
        "type": "Point",
        "coordinates": [
          -118.3718,
          34.0864
        ]
      },
      "properties": {
        "Name": "Schindler House",
        "Slug": "schindler-house-4fa66",
        "City": "West Hollywood",
        "Category": "Arts",
        "Tags": "architecture; historic; photo-spot; local-favorite; walkable",
        "Description": "Rudolph Schindler's 1922 landmark residence, a pioneering icon of Southern California Modernist architecture."
      }
    },
    {
      "type": "Feature",
      "geometry": {
        "type": "Point",
        "coordinates": [
          -118.3712,
          34.0838
        ]
      },
      "properties": {
        "Name": "Melrose Place",
        "Slug": "melrose-place-62dd8",
        "City": "West Hollywood",
        "Category": "Shopping",
        "Tags": "shopping; coffee; photo-spot; celebrity-spot; romantic",
        "Description": "A charming tree-lined designer street famous for upscale boutiques, picturesque cafes, and celebrity sightings."
      }
    },
    {
      "type": "Feature",
      "geometry": {
        "type": "Point",
        "coordinates": [
          -118.3465,
          34.0906
        ]
      },
      "properties": {
        "Name": "Formosa Cafe",
        "Slug": "formosa-cafe-cfa97",
        "City": "West Hollywood",
        "Category": "Dining",
        "Tags": "historic; iconic-eats; filming-location; celebrity-spot; nightlife",
        "Description": "A legendary red-hued Hollywood lounge across from historic studios, restored to its 1930s glam glory."
      }
    },
    {
      "type": "Feature",
      "geometry": {
        "type": "Point",
        "coordinates": [
          -118.3772,
          34.0898
        ]
      },
      "properties": {
        "Name": "Tail o' the Pup",
        "Slug": "tail-o-the-pup-ecaf2",
        "City": "West Hollywood",
        "Category": "Dining",
        "Tags": "iconic-eats; photo-spot; family-friendly; historic; dining",
        "Description": "A world-famous 1946 novelty hot dog stand shaped like a gigantic hot dog in a bun."
      }
    },
    {
      "type": "Feature",
      "geometry": {
        "type": "Point",
        "coordinates": [
          -118.3611,
          34.0833
        ]
      },
      "properties": {
        "Name": "Melrose Trading Post",
        "Slug": "melrose-trading-post-bf923",
        "City": "Fairfax",
        "Category": "Shopping",
        "Tags": "shopping; local-favorite; free-budget; photo-spot; dog-friendly",
        "Description": "A beloved Sunday flea market at Fairfax High filled with vintage clothing, handmade crafts, and live music."
      }
    },
    {
      "type": "Feature",
      "geometry": {
        "type": "Point",
        "coordinates": [
          -118.3775,
          34.075
        ]
      },
      "properties": {
        "Name": "Beverly Center",
        "Slug": "beverly-center-39c87",
        "City": "Mid-City",
        "Category": "Shopping",
        "Tags": "shopping; dining; family-friendly; celebrity-spot; photo-spot",
        "Description": "A premier eight-story indoor fashion shopping destination featuring luxury designer brands and dining."
      }
    },
    {
      "type": "Feature",
      "geometry": {
        "type": "Point",
        "coordinates": [
          -118.4022,
          34.0733
        ]
      },
      "properties": {
        "Name": "Beverly Hills Gardens Park & Lily Pond",
        "Slug": "beverly-hills-gardens-park-lily-pond-19e35",
        "City": "Beverly Hills",
        "Category": "Parks",
        "Tags": "photo-spot; free-budget; must-see; dog-friendly; family-friendly",
        "Description": "Home to the iconic forty-foot illuminated Beverly Hills Sign set beside historic lily ponds and sculptures."
      }
    },
    {
      "type": "Feature",
      "geometry": {
        "type": "Point",
        "coordinates": [
          -118.4089,
          34.0672
        ]
      },
      "properties": {
        "Name": "Spadena House (The Witch's House)",
        "Slug": "spadena-house-the-witch-s-house-e80f0",
        "City": "Beverly Hills",
        "Category": "Landmarks",
        "Tags": "architecture; photo-spot; family-friendly; historic; local-favorite",
        "Description": "A whimsical 1921 Storybook architecture cottage straight out of a fairy tale, right in Beverly Hills."
      }
    },
    {
      "type": "Feature",
      "geometry": {
        "type": "Point",
        "coordinates": [
          -118.4422,
          34.0728
        ]
      },
      "properties": {
        "Name": "UCLA Campus & Royce Hall",
        "Slug": "ucla-campus-royce-hall-5e048",
        "City": "Westwood",
        "Category": "Landmarks",
        "Tags": "architecture; historic; photo-spot; walkable; free-budget",
        "Description": "The picturesque Romanesque Revival brick quad and iconic twin-towered hall on UCLA's campus."
      }
    },
    {
      "type": "Feature",
      "geometry": {
        "type": "Point",
        "coordinates": [
          -118.4442,
          34.0628
        ]
      },
      "properties": {
        "Name": "Fox Theater Westwood Village",
        "Slug": "fox-theater-westwood-village-ddbb7",
        "City": "Westwood",
        "Category": "Entertainment",
        "Tags": "historic; architecture; entertainment; celebrity-spot; photo-spot",
        "Description": "A landmark 1931 movie theater with a 170-foot Spanish Colonial revival tower, famous for Hollywood premieres."
      }
    },
    {
      "type": "Feature",
      "geometry": {
        "type": "Point",
        "coordinates": [
          -118.4447,
          34.0583
        ]
      },
      "properties": {
        "Name": "Pierce Brothers Westwood Village Memorial Park",
        "Slug": "pierce-brothers-westwood-village-memorial-park-eb90b",
        "City": "Westwood",
        "Category": "Landmarks",
        "Tags": "historic; photo-spot; local-favorite; free-budget; quiet",
        "Description": "A peaceful, tucked-away cemetery resting place of Hollywood legends Marilyn Monroe, Natalie Wood, and Dean Martin."
      }
    },
    {
      "type": "Feature",
      "geometry": {
        "type": "Point",
        "coordinates": [
          -118.4962,
          34.0092
        ]
      },
      "properties": {
        "Name": "Pacific Park & Santa Monica Pier Carousel",
        "Slug": "pacific-park-santa-monica-pier-carousel-1e2ae",
        "City": "Santa Monica",
        "Category": "Entertainment",
        "Tags": "family-friendly; entertainment; photo-spot; beach-vibes; historic",
        "Description": "The solar-powered Ferris wheel, roller coaster, and vintage 1922 hippodrome carousel over the ocean."
      }
    },
    {
      "type": "Feature",
      "geometry": {
        "type": "Point",
        "coordinates": [
          -118.4942,
          34.0133
        ]
      },
      "properties": {
        "Name": "Santa Monica Place",
        "Slug": "santa-monica-place-3c401",
        "City": "Santa Monica",
        "Category": "Shopping",
        "Tags": "shopping; dining; rooftop-patio; family-friendly; photo-spot",
        "Description": "A Frank Gehry-designed sleek open-air shopping and dining center steps from the Pier and 3rd Street Promenade."
      }
    },
    {
      "type": "Feature",
      "geometry": {
        "type": "Point",
        "coordinates": [
          -118.4764,
          33.9875
        ]
      },
      "properties": {
        "Name": "Venice Skatepark",
        "Slug": "venice-skatepark-11a56",
        "City": "Venice",
        "Category": "Parks",
        "Tags": "beach-vibes; free-budget; photo-spot; must-see; local-favorite",
        "Description": "A sunken, beachfront concrete skatepark right on the Venice oceanfront watching pros and locals shred."
      }
    },
    {
      "type": "Feature",
      "geometry": {
        "type": "Point",
        "coordinates": [
          -118.4464,
          33.9786
        ]
      },
      "properties": {
        "Name": "Burton Chace Park & Marina del Rey Harbor",
        "Slug": "burton-chace-park-marina-del-rey-harbor-f343a",
        "City": "Santa Monica",
        "Category": "Parks",
        "Tags": "beach-vibes; free-budget; dog-friendly; family-friendly; romantic",
        "Description": "A scenic 10-acre peninsula park jutting into North America's largest man-made small-craft harbor."
      }
    },
    {
      "type": "Feature",
      "geometry": {
        "type": "Point",
        "coordinates": [
          -118.5528,
          34.0417
        ]
      },
      "properties": {
        "Name": "Self-Realization Fellowship Lake Shrine",
        "Slug": "self-realization-fellowship-lake-shrine-ebf1f",
        "City": "Santa Monica",
        "Category": "Parks",
        "Tags": "free-budget; romantic; photo-spot; local-favorite; historic",
        "Description": "A serene 10-acre sanctuary featuring a spring-fed lake, swans, lush gardens, and a Mahatma Gandhi memorial."
      }
    },
    {
      "type": "Feature",
      "geometry": {
        "type": "Point",
        "coordinates": [
          -118.5133,
          34.0558
        ]
      },
      "properties": {
        "Name": "Will Rogers State Historic Park",
        "Slug": "will-rogers-state-historic-park-60783",
        "City": "Brentwood",
        "Category": "Parks",
        "Tags": "historic; dog-friendly; family-friendly; free-budget; architecture",
        "Description": "The former equestrian estate of legendary humorist Will Rogers, featuring polo fields and ocean-view trails."
      }
    },
    {
      "type": "Feature",
      "geometry": {
        "type": "Point",
        "coordinates": [
          -118.5192,
          34.0297
        ]
      },
      "properties": {
        "Name": "Eames House (Case Study House #8)",
        "Slug": "eames-house-case-study-house-8-1f630",
        "City": "Santa Monica",
        "Category": "Landmarks",
        "Tags": "architecture; historic; photo-spot; must-see; local-favorite",
        "Description": "Charles and Ray Eames' iconic 1949 glass-and-steel home nestled among eucalyptus trees above the ocean."
      }
    },
    {
      "type": "Feature",
      "geometry": {
        "type": "Point",
        "coordinates": [
          -118.6861,
          34.0353
        ]
      },
      "properties": {
        "Name": "Malibu Country Mart",
        "Slug": "malibu-country-mart-c8c3e",
        "City": "Malibu",
        "Category": "Shopping",
        "Tags": "shopping; dining; beach-vibes; celebrity-spot; family-friendly",
        "Description": "An upscale boutique shopping center set against Malibu's mountains, popular with local stars and visitors."
      }
    },
    {
      "type": "Feature",
      "geometry": {
        "type": "Point",
        "coordinates": [
          -118.6792,
          34.0322
        ]
      },
      "properties": {
        "Name": "Malibu Lagoon State Beach & Surfrider Beach",
        "Slug": "malibu-lagoon-state-beach-surfrider-beach-ea31b",
        "City": "Malibu",
        "Category": "Parks",
        "Tags": "beach-vibes; free-budget; photo-spot; local-favorite; must-see",
        "Description": "The world-famous surfing spot and wetlands preserve right where Malibu Creek meets the Pacific."
      }
    },
    {
      "type": "Feature",
      "geometry": {
        "type": "Point",
        "coordinates": [
          -118.7619,
          34.0375
        ]
      },
      "properties": {
        "Name": "Escondido Falls Trail",
        "Slug": "escondido-falls-trail-9f795",
        "City": "Malibu",
        "Category": "Parks",
        "Tags": "free-budget; dog-friendly; photo-spot; local-favorite; beach-vibes",
        "Description": "A rewarding Malibu canyon hike leading up to a multi-tiered 150-foot waterfall surrounded by lush green flora."
      }
    },
    {
      "type": "Feature",
      "geometry": {
        "type": "Point",
        "coordinates": [
          -118.165,
          34.1444
        ]
      },
      "properties": {
        "Name": "Colorado Street Bridge",
        "Slug": "colorado-street-bridge-8dddc",
        "City": "Pasadena",
        "Category": "Landmarks",
        "Tags": "architecture; historic; filming-location; photo-spot; romantic",
        "Description": "A magnificent 1913 Beaux-Arts concrete arch bridge spanning the Arroyo Seco, featured in La La Land."
      }
    },
    {
      "type": "Feature",
      "geometry": {
        "type": "Point",
        "coordinates": [
          -118.1672,
          34.1611
        ]
      },
      "properties": {
        "Name": "Rose Bowl Flea Market",
        "Slug": "rose-bowl-flea-market-b3fef",
        "City": "Pasadena",
        "Category": "Shopping",
        "Tags": "shopping; local-favorite; iconic-eats; photo-spot; historic",
        "Description": "One of the world's most famous monthly flea markets, housing 2,500+ vendors inside the Rose Bowl stadium."
      }
    },
    {
      "type": "Feature",
      "geometry": {
        "type": "Point",
        "coordinates": [
          -118.0964,
          34.1783
        ]
      },
      "properties": {
        "Name": "Eaton Canyon Natural Area",
        "Slug": "eaton-canyon-natural-area-fbac1",
        "City": "Pasadena",
        "Category": "Parks",
        "Tags": "free-budget; dog-friendly; family-friendly; photo-spot; local-favorite",
        "Description": "A popular 190-acre nature reserve at the base of the San Gabriel Mountains featuring a waterfall hike."
      }
    },
    {
      "type": "Feature",
      "geometry": {
        "type": "Point",
        "coordinates": [
          -118.1383,
          34.1458
        ]
      },
      "properties": {
        "Name": "Vroman's Bookstore",
        "Slug": "vroman-s-bookstore-62f75",
        "City": "Pasadena",
        "Category": "Shopping",
        "Tags": "historic; local-favorite; shopping; coffee; family-friendly",
        "Description": "Southern California's oldest and largest independent bookstore, serving readers in Pasadena since 1894."
      }
    },
    {
      "type": "Feature",
      "geometry": {
        "type": "Point",
        "coordinates": [
          -118.0436,
          34.1397
        ]
      },
      "properties": {
        "Name": "Santa Anita Park",
        "Slug": "santa-anita-park-8a0a9",
        "City": "Arcadia",
        "Category": "Entertainment",
        "Tags": "historic; architecture; family-friendly; entertainment; photo-spot",
        "Description": "A historic Art Deco thoroughbred racetrack framed by dramatic views of the San Gabriel Mountains."
      }
    },
    {
      "type": "Feature",
      "geometry": {
        "type": "Point",
        "coordinates": [
          -117.9686,
          33.9789
        ]
      },
      "properties": {
        "Name": "Hsi Lai Temple",
        "Slug": "hsi-lai-temple-23053",
        "City": "San Gabriel",
        "Category": "Landmarks",
        "Tags": "architecture; historic; photo-spot; free-budget; local-favorite",
        "Description": "One of the largest Buddhist monastery complexes in the Western Hemisphere, styled in traditional Ming/Qing architecture."
      }
    },
    {
      "type": "Feature",
      "geometry": {
        "type": "Point",
        "coordinates": [
          -118.2725,
          34.1808
        ]
      },
      "properties": {
        "Name": "Brand Library & Art Center",
        "Slug": "brand-library-art-center-ca9e9",
        "City": "Glendale",
        "Category": "Arts",
        "Tags": "architecture; free-budget; historic; photo-spot; family-friendly",
        "Description": "A dramatic 1904 Saracenic/Moorish castle mansion turned public art gallery and music library in Brand Park."
      }
    },
    {
      "type": "Feature",
      "geometry": {
        "type": "Point",
        "coordinates": [
          -118.2961,
          34.1197
        ]
      },
      "properties": {
        "Name": "Greek Theatre",
        "Slug": "greek-theatre-efdf5",
        "City": "Hollywood",
        "Category": "Entertainment",
        "Tags": "entertainment; historic; outdoor; local-favorite; romantic",
        "Description": "An iconic 5,900-seat amphitheater nestled inside Griffith Park surrounded by trees and starlight."
      }
    },
    {
      "type": "Feature",
      "geometry": {
        "type": "Point",
        "coordinates": [
          -118.2839,
          34.1483
        ]
      },
      "properties": {
        "Name": "Los Angeles Zoo & Botanical Gardens",
        "Slug": "los-angeles-zoo-botanical-gardens-a92c9",
        "City": "Hollywood",
        "Category": "Parks",
        "Tags": "family-friendly; dog-friendly; photo-spot; entertainment; must-see",
        "Description": "A 133-acre park inside Griffith Park housing over 1,400 rare animals and botanical gardens."
      }
    },
    {
      "type": "Feature",
      "geometry": {
        "type": "Point",
        "coordinates": [
          -118.2817,
          34.1489
        ]
      },
      "properties": {
        "Name": "Autry Museum of the American West",
        "Slug": "autry-museum-of-the-american-west-cf3bb",
        "City": "Hollywood",
        "Category": "Arts",
        "Tags": "historic; family-friendly; arts; local-favorite; photo-spot",
        "Description": "Founded by Gene Autry, exploring the inclusive history, art, and diverse cultures of the American West."
      }
    },
    {
      "type": "Feature",
      "geometry": {
        "type": "Point",
        "coordinates": [
          -118.3078,
          34.1553
        ]
      },
      "properties": {
        "Name": "Travel Town Museum",
        "Slug": "travel-town-museum-f8b80",
        "City": "Hollywood",
        "Category": "Parks",
        "Tags": "family-friendly; free-budget; historic; photo-spot; public-transit",
        "Description": "An open-air railroad museum in Griffith Park showcasing vintage steam locomotives and train rides."
      }
    },
    {
      "type": "Feature",
      "geometry": {
        "type": "Point",
        "coordinates": [
          -118.2889,
          34.1367
        ]
      },
      "properties": {
        "Name": "Old Zoo Picnic Area",
        "Slug": "old-zoo-picnic-area-e0c1f",
        "City": "Hollywood",
        "Category": "Parks",
        "Tags": "historic; free-budget; filming-location; dog-friendly; photo-spot",
        "Description": "The abandoned 1912 Griffith Park zoo ruins turned unique public picnic park and filming location."
      }
    },
    {
      "type": "Feature",
      "geometry": {
        "type": "Point",
        "coordinates": [
          -118.3075,
          34.1122
        ]
      },
      "properties": {
        "Name": "Ferndell Nature Trail",
        "Slug": "ferndell-nature-trail-b333a",
        "City": "Hollywood",
        "Category": "Parks",
        "Tags": "free-budget; romantic; family-friendly; coffee; dog-friendly",
        "Description": "A shady, lush tropical oasis in Griffith Park featuring babbling brooks, ferns, and walking paths."
      }
    },
    {
      "type": "Feature",
      "geometry": {
        "type": "Point",
        "coordinates": [
          -118.2928,
          34.1161
        ]
      },
      "properties": {
        "Name": "Ennis House",
        "Slug": "ennis-house-202dd",
        "City": "Hollywood",
        "Category": "Landmarks",
        "Tags": "architecture; historic; filming-location; photo-spot; must-see",
        "Description": "Frank Lloyd Wright's majestic Mayan Revival textile block home overlooking Los Angeles."
      }
    },
    {
      "type": "Feature",
      "geometry": {
        "type": "Point",
        "coordinates": [
          -118.2828,
          34.1022
        ]
      },
      "properties": {
        "Name": "Vista Theatre",
        "Slug": "vista-theatre-1e7a4",
        "City": "Silver Lake",
        "Category": "Entertainment",
        "Tags": "historic; architecture; entertainment; local-favorite; photo-spot",
        "Description": "Quentin Tarantino's restored 1923 single-screen movie palace with Egyptian Revival decor and 70mm projection."
      }
    },
    {
      "type": "Feature",
      "geometry": {
        "type": "Point",
        "coordinates": [
          -118.2383,
          34.0819
        ]
      },
      "properties": {
        "Name": "Elysian Park & Angel's Point",
        "Slug": "elysian-park-angel-s-point-eb317",
        "City": "Echo Park",
        "Category": "Parks",
        "Tags": "free-budget; photo-spot; dog-friendly; romantic; local-favorite",
        "Description": "LA's oldest public park offering panoramic skyline views, quiet trails, and palm tree groves."
      }
    },
    {
      "type": "Feature",
      "geometry": {
        "type": "Point",
        "coordinates": [
          -118.2758,
          34.0831
        ]
      },
      "properties": {
        "Name": "Music Box Steps",
        "Slug": "music-box-steps-5c742",
        "City": "Silver Lake",
        "Category": "Landmarks",
        "Tags": "historic; filming-location; photo-spot; free-budget; local-favorite",
        "Description": "The famous 133 outdoor public steps immortalized in Laurel and Hardy's Oscar-winning 1932 comedy film."
      }
    },
    {
      "type": "Feature",
      "geometry": {
        "type": "Point",
        "coordinates": [
          -118.2603,
          34.0886
        ]
      },
      "properties": {
        "Name": "Neutra VDL Studio and Residences",
        "Slug": "neutra-vdl-studio-and-residences-8d2a6",
        "City": "Silver Lake",
        "Category": "Arts",
        "Tags": "architecture; historic; photo-spot; local-favorite; romantic",
        "Description": "Richard Neutra's modernist glass experimental house overlooking the Silver Lake Reservoir."
      }
    },
    {
      "type": "Feature",
      "geometry": {
        "type": "Point",
        "coordinates": [
          -118.1839,
          34.1103
        ]
      },
      "properties": {
        "Name": "Highland Park Bowl",
        "Slug": "highland-park-bowl-bd35d",
        "City": "Highland Park",
        "Category": "Entertainment",
        "Tags": "historic; nightlife; entertainment; iconic-eats; photo-spot",
        "Description": "LA's oldest operating bowling alley, spectacularly restored with steampunk decor, craft cocktails, and pizza."
      }
    },
    {
      "type": "Feature",
      "geometry": {
        "type": "Point",
        "coordinates": [
          -118.1883,
          34.1158
        ]
      },
      "properties": {
        "Name": "Bob Baker Marionette Theater",
        "Slug": "bob-baker-marionette-theater-90bc7",
        "City": "Highland Park",
        "Category": "Arts",
        "Tags": "historic; family-friendly; entertainment; local-favorite; photo-spot",
        "Description": "A beloved puppet theatre institution delighting generations of Angelenos with handcrafted marionette shows."
      }
    },
    {
      "type": "Feature",
      "geometry": {
        "type": "Point",
        "coordinates": [
          -118.2808,
          34.0603
        ]
      },
      "properties": {
        "Name": "Wi Spa",
        "Slug": "wi-spa-c0b82",
        "City": "Koreatown",
        "Category": "Entertainment",
        "Tags": "late-night; local-favorite; rooftop-patio; iconic-eats; must-see",
        "Description": "A famous 24-hour traditional Korean spa featuring jade/salt saunas, restaurant, and rooftop deck."
      }
    },
    {
      "type": "Feature",
      "geometry": {
        "type": "Point",
        "coordinates": [
          -118.2975,
          34.0628
        ]
      },
      "properties": {
        "Name": "Chapman Plaza",
        "Slug": "chapman-plaza-ee5f0",
        "City": "Koreatown",
        "Category": "Dining",
        "Tags": "architecture; historic; dining; nightlife; iconic-eats",
        "Description": "An opulent 1929 Spanish Colonial Revival courtyard now packed with bustling Korean BBQ joints and bars."
      }
    },
    {
      "type": "Feature",
      "geometry": {
        "type": "Point",
        "coordinates": [
          -118.3703,
          33.9619
        ]
      },
      "properties": {
        "Name": "Randy's Donuts",
        "Slug": "randy-s-donuts-aaed1",
        "City": "Inglewood",
        "Category": "Dining",
        "Tags": "iconic-eats; photo-spot; filming-location; historic; must-see",
        "Description": "An iconic 1953 roadside diner topped with a giant 32-foot rooftop giant donut, famous in movies."
      }
    },
    {
      "type": "Feature",
      "geometry": {
        "type": "Point",
        "coordinates": [
          -118.3419,
          33.9583
        ]
      },
      "properties": {
        "Name": "The Kia Forum",
        "Slug": "the-kia-forum-11d4d",
        "City": "Inglewood",
        "Category": "Entertainment",
        "Tags": "entertainment; historic; nightlife; photo-spot; must-see",
        "Description": "The famous red-columned indoor arena, former home of the Lakers and premier concert venue."
      }
    },
    {
      "type": "Feature",
      "geometry": {
        "type": "Point",
        "coordinates": [
          -118.3431,
          33.9453
        ]
      },
      "properties": {
        "Name": "Intuit Dome",
        "Slug": "intuit-dome-b21a3",
        "City": "Inglewood",
        "Category": "Entertainment",
        "Tags": "entertainment; photo-spot; architecture; must-see; nightlife",
        "Description": "The state-of-the-art arena home to the LA Clippers featuring cutting-edge LED technology and basketball plazas."
      }
    },
    {
      "type": "Feature",
      "geometry": {
        "type": "Point",
        "coordinates": [
          -118.3686,
          34.0089
        ]
      },
      "properties": {
        "Name": "Kenneth Hahn State Recreation Area",
        "Slug": "kenneth-hahn-state-recreation-area-942df",
        "City": "Culver City",
        "Category": "Parks",
        "Tags": "free-budget; photo-spot; dog-friendly; family-friendly; local-favorite",
        "Description": "A 408-acre urban oasis featuring Japanese gardens, duck ponds, and panoramic views of DTLA and snowcapped mountains."
      }
    },
    {
      "type": "Feature",
      "geometry": {
        "type": "Point",
        "coordinates": [
          -118.3961,
          34.0236
        ]
      },
      "properties": {
        "Name": "Culver Hotel & Town Plaza",
        "Slug": "culver-hotel-town-plaza-64214",
        "City": "Culver City",
        "Category": "Landmarks",
        "Tags": "historic; architecture; filming-location; romantic; dining",
        "Description": "A flatiron-style 1924 triangular hotel where the Cast of Wizard of Oz stayed, anchoring downtown Culver City."
      }
    },
    {
      "type": "Feature",
      "geometry": {
        "type": "Point",
        "coordinates": [
          -118.4058,
          34.0042
        ]
      },
      "properties": {
        "Name": "Tito's Tacos",
        "Slug": "tito-s-tacos-df820",
        "City": "Culver City",
        "Category": "Dining",
        "Tags": "iconic-eats; historic; dining; local-favorite; fast-food",
        "Description": "A Westside institution since 1959 serving hard-shell beef tacos and cheese enchiladas to long lines."
      }
    },
    {
      "type": "Feature",
      "geometry": {
        "type": "Point",
        "coordinates": [
          -118.2936,
          33.7097
        ]
      },
      "properties": {
        "Name": "Korean Bell of Friendship",
        "Slug": "korean-bell-of-friendship-e6e73",
        "City": "Rancho Palos Verdes",
        "Category": "Landmarks",
        "Tags": "free-budget; photo-spot; historic; architecture; beach-vibes",
        "Description": "A massive bronze bell housed in a traditional Korean pavilion overlooking the ocean in San Pedro."
      }
    },
    {
      "type": "Feature",
      "geometry": {
        "type": "Point",
        "coordinates": [
          -118.2772,
          33.7422
        ]
      },
      "properties": {
        "Name": "Battleship USS Iowa Museum",
        "Slug": "battleship-uss-iowa-museum-52f6b",
        "City": "Rancho Palos Verdes",
        "Category": "Landmarks",
        "Tags": "historic; family-friendly; photo-spot; must-see; entertainment",
        "Description": "A decorated historic WWII battleship turned floating museum on San Pedro's waterfront."
      }
    },
    {
      "type": "Feature",
      "geometry": {
        "type": "Point",
        "coordinates": [
          -118.1906,
          33.7608
        ]
      },
      "properties": {
        "Name": "Shoreline Village & Rainbow Harbor",
        "Slug": "shoreline-village-rainbow-harbor-65e1d",
        "City": "Long Beach",
        "Category": "Shopping",
        "Tags": "shopping; dining; beach-vibes; family-friendly; photo-spot",
        "Description": "A charming colorful boardwalk village filled with shops, harbor tours, and seafood dining on Rainbow Harbor."
      }
    },
    {
      "type": "Feature",
      "geometry": {
        "type": "Point",
        "coordinates": [
          -118.1206,
          33.7558
        ]
      },
      "properties": {
        "Name": "Naples Island Canals",
        "Slug": "naples-island-canals-fa609",
        "City": "Long Beach",
        "Category": "Parks",
        "Tags": "romantic; free-budget; photo-spot; architecture; beach-vibes",
        "Description": "A picturesque neighborhood built around scenic inland canals with arched bridges and gondola rides."
      }
    },
    {
      "type": "Feature",
      "geometry": {
        "type": "Point",
        "coordinates": [
          -118.1053,
          33.7783
        ]
      },
      "properties": {
        "Name": "Rancho Los Alamitos",
        "Slug": "rancho-los-alamitos-c5299",
        "City": "Long Beach",
        "Category": "Landmarks",
        "Tags": "historic; free-budget; architecture; family-friendly; local-favorite",
        "Description": "A historic ranch house and historic gardens dating back to Indigenous Tongva roots and Spanish land grants."
      }
    },
    {
      "type": "Feature",
      "geometry": {
        "type": "Point",
        "coordinates": [
          -118.4358,
          33.9281
        ]
      },
      "properties": {
        "Name": "Dockweiler Beach Fire Pits",
        "Slug": "dockweiler-beach-fire-pits-78a08",
        "City": "Inglewood",
        "Category": "Parks",
        "Tags": "beach-vibes; free-budget; late-night; local-favorite; family-friendly",
        "Description": "LA's premier public beach fire pits right where airplanes take off from LAX over the sunset."
      }
    },
    {
      "type": "Feature",
      "geometry": {
        "type": "Point",
        "coordinates": [
          -118.4239,
          34.0411
        ]
      },
      "properties": {
        "Name": "Apple Pan",
        "Slug": "apple-pan-d2a84",
        "City": "Westwood",
        "Category": "Dining",
        "Tags": "iconic-eats; historic; dining; local-favorite; late-night",
        "Description": "A legendary 1947 counter-serve burger joint famous for Hickory Burgers and fresh slice pie."
      }
    },
    {
      "type": "Feature",
      "geometry": {
        "type": "Point",
        "coordinates": [
          -118.4447,
          34.0631
        ]
      },
      "properties": {
        "Name": "Diddy Riese",
        "Slug": "diddy-riese-bd50f",
        "City": "Westwood",
        "Category": "Dining",
        "Tags": "iconic-eats; free-budget; local-favorite; late-night; dining",
        "Description": "Beloved Westwood Village bakery famous for ultra-affordable custom ice cream cookie sandwiches."
      }
    },
    {
      "type": "Feature",
      "geometry": {
        "type": "Point",
        "coordinates": [
          -118.4897,
          34.0208
        ]
      },
      "properties": {
        "Name": "Bay Cities Italian Deli & Bakery",
        "Slug": "bay-cities-italian-deli-bakery-9ef7a",
        "City": "Santa Monica",
        "Category": "Dining",
        "Tags": "iconic-eats; local-favorite; dining; beach-vibes; photo-spot",
        "Description": "A bustling Italian gourmet market famous for 'The Godmother' sandwich on fresh crusty bread."
      }
    },
    {
      "type": "Feature",
      "geometry": {
        "type": "Point",
        "coordinates": [
          -118.3228,
          34.0975
        ]
      },
      "properties": {
        "Name": "Roscoe's House of Chicken and Waffles",
        "Slug": "roscoe-s-house-of-chicken-and-waffles-bb6a0",
        "City": "Hollywood",
        "Category": "Dining",
        "Tags": "iconic-eats; local-favorite; dining; historic; celebrity-spot",
        "Description": "An iconic Southern soul food spot serving savory fried chicken and sweet waffles since 1975."
      }
    },
    {
      "type": "Feature",
      "geometry": {
        "type": "Point",
        "coordinates": [
          -118.3283,
          34.0981
        ]
      },
      "properties": {
        "Name": "Cinerama Dome",
        "Slug": "cinerama-dome-40edb",
        "City": "Hollywood",
        "Category": "Entertainment",
        "Tags": "historic; architecture; photo-spot; entertainment; must-see",
        "Description": "A iconic geodesic dome movie theatre structure standing along Sunset Boulevard since 1963."
      }
    },
    {
      "type": "Feature",
      "geometry": {
        "type": "Point",
        "coordinates": [
          -118.3789,
          34.0928
        ]
      },
      "properties": {
        "Name": "Sunset Plaza",
        "Slug": "sunset-plaza-15792",
        "City": "West Hollywood",
        "Category": "Shopping",
        "Tags": "shopping; dining; celebrity-spot; photo-spot; outdoor",
        "Description": "A chic outdoor strip along Sunset Boulevard featuring high-end boutiques and sidewalk outdoor cafes."
      }
    },
    {
      "type": "Feature",
      "geometry": {
        "type": "Point",
        "coordinates": [
          -118.3686,
          34.0981
        ]
      },
      "properties": {
        "Name": "Chateau Marmont Bar & Patio",
        "Slug": "chateau-marmont-bar-patio-cfec5",
        "City": "West Hollywood",
        "Category": "Nightlife",
        "Tags": "nightlife; celebrity-spot; historic; romantic; photo-spot",
        "Description": "The secretive garden restaurant and bar inside LA's most legendary Hollywood celebrity hotel."
      }
    },
    {
      "type": "Feature",
      "geometry": {
        "type": "Point",
        "coordinates": [
          -118.3756,
          34.095
        ]
      },
      "properties": {
        "Name": "The Comedy Store Main Room",
        "Slug": "the-comedy-store-main-room-805bf",
        "City": "West Hollywood",
        "Category": "Nightlife",
        "Tags": "nightlife; historic; entertainment; local-favorite; late-night",
        "Description": "The iconic Sunset Strip comedy institution where legendary stand-up comedians take the mic."
      }
    },
    {
      "type": "Feature",
      "geometry": {
        "type": "Point",
        "coordinates": [
          -118.2722,
          34.0681
        ]
      },
      "properties": {
        "Name": "Original Tommy's Hamburgers",
        "Slug": "original-tommy-s-hamburgers-d7dfd",
        "City": "DTLA",
        "Category": "Dining",
        "Tags": "iconic-eats; late-night; historic; dining; local-favorite",
        "Description": "The original 1946 shack at Beverly & Rampart serving world-famous chili cheeseburgers 24/7."
      }
    },
    {
      "type": "Feature",
      "geometry": {
        "type": "Point",
        "coordinates": [
          -118.3003,
          34.0536
        ]
      },
      "properties": {
        "Name": "Guelaguetza",
        "Slug": "guelaguetza-ddc5c",
        "City": "Koreatown",
        "Category": "Dining",
        "Tags": "iconic-eats; dining; local-favorite; historic; family-friendly",
        "Description": "James Beard Award-winning Oaxacan restaurant celebrated for rich authentic moles, mezcal, and live music."
      }
    },
    {
      "type": "Feature",
      "geometry": {
        "type": "Point",
        "coordinates": [
          -118.2369,
          34.0597
        ]
      },
      "properties": {
        "Name": "Philippe The Original (French Dip)",
        "Slug": "philippe-the-original-french-dip-fe985",
        "City": "Chinatown",
        "Category": "Dining",
        "Tags": "historic; iconic-eats; local-favorite; dining; free-budget",
        "Description": "Historic 1908 sawdust-floor eatery claims the invention of the French Dip sandwich."
      }
    },
    {
      "type": "Feature",
      "geometry": {
        "type": "Point",
        "coordinates": [
          -118.3422,
          34.1058
        ]
      },
      "properties": {
        "Name": "Yamashiro Restaurant Grounds",
        "Slug": "yamashiro-restaurant-grounds-09c6c",
        "City": "Hollywood",
        "Category": "Dining",
        "Tags": "architecture; photo-spot; romantic; skyline-views; dining",
        "Description": "A 1914 Japanese palace replica perched high on Hollywood Hills featuring koi ponds and panoramic views."
      }
    },
    {
      "type": "Feature",
      "geometry": {
        "type": "Point",
        "coordinates": [
          -118.1506,
          34.1453
        ]
      },
      "properties": {
        "Name": "Old Pasadena Historic Alleyways",
        "Slug": "old-pasadena-historic-alleyways-e74be",
        "City": "Pasadena",
        "Category": "Shopping",
        "Tags": "historic; architecture; shopping; walkable; photo-spot",
        "Description": "A brick-lined network of historic 19th-century alleys, courtyards, and shops in Old Town Pasadena."
      }
    },
    {
      "type": "Feature",
      "geometry": {
        "type": "Point",
        "coordinates": [
          -118.1147,
          34.1289
        ]
      },
      "properties": {
        "Name": "Huntington Botanical Gardens (Japanese & Chinese Gardens)",
        "Slug": "huntington-botanical-gardens-japanese-chinese-gardens-574df",
        "City": "San Marino",
        "Category": "Parks",
        "Tags": "photo-spot; romantic; historic; must-see; architecture",
        "Description": "World-class botanical gardens, including serene traditional Chinese and Japanese gardens and tea houses."
      }
    },
    {
      "type": "Feature",
      "geometry": {
        "type": "Point",
        "coordinates": [
          -118.2114,
          34.2014
        ]
      },
      "properties": {
        "Name": "Descanso Gardens Enchanted Forest",
        "Slug": "descanso-gardens-enchanted-forest-4775d",
        "City": "La Ca\u00f1ada Flintridge",
        "Category": "Parks",
        "Tags": "family-friendly; romantic; photo-spot; free-budget; outdoor",
        "Description": "150 acres of camellias, oak woodlands, and peaceful rose gardens nestled in La Ca\u00f1ada Flintridge."
      }
    },
    {
      "type": "Feature",
      "geometry": {
        "type": "Point",
        "coordinates": [
          -118.6772,
          34.0381
        ]
      },
      "properties": {
        "Name": "Malibu Pier & Farm",
        "Slug": "malibu-pier-farm-aeeea",
        "City": "Malibu",
        "Category": "Dining",
        "Tags": "beach-vibes; dining; photo-spot; romantic; iconic-eats",
        "Description": "Organic farm-to-table dining at the tip of the historic 1905 Malibu Pier overlooking the ocean."
      }
    },
    {
      "type": "Feature",
      "geometry": {
        "type": "Point",
        "coordinates": [
          -118.8142,
          34.0217
        ]
      },
      "properties": {
        "Name": "Zuma Beach & Point Dume Cliffs",
        "Slug": "zuma-beach-point-dume-cliffs-80d52",
        "City": "Malibu",
        "Category": "Parks",
        "Tags": "beach-vibes; free-budget; photo-spot; dog-friendly; local-favorite",
        "Description": "Wide golden sands and towering coastal cliffs famous for whale watching, surfing, and sunsets."
      }
    }
  ]
}
